Grupos de edad	Sexo	periodo	Total
De 16 y más años	Ambos sexos	2029	53,84
De 16 y más años	Ambos sexos	2028	54,33
De 16 y más años	Ambos sexos	2027	54,87
De 16 y más años	Ambos sexos	2026	55,42
De 16 y más años	Ambos sexos	2025	55,95
De 16 y más años	Ambos sexos	2024	56,50
De 16 y más años	Ambos sexos	2023	57,02
De 16 y más años	Ambos sexos	2022	57,52
De 16 y más años	Ambos sexos	2021	57,95
De 16 y más años	Ambos sexos	2020	58,36
De 16 y más años	Ambos sexos	2019	58,74
De 16 y más años	Ambos sexos	2018	59,06
De 16 y más años	Ambos sexos	2017	59,34
De 16 y más años	Ambos sexos	2016	59,53
De 16 y más años	Ambos sexos	2015	59,63
De 16 y más años	Ambos sexos	2014	59,75
De 16 y más años	Ambos sexos	2013	60,24
De 16 y más años	Ambos sexos	2012	60,39
De 16 y más años	Ambos sexos	2011	60,30
De 16 y más años	Ambos sexos	2010	60,14
De 16 y más años	Ambos sexos	2009	60,32
De 16 y más años	Ambos sexos	2008	59,68
De 16 y más años	Ambos sexos	2007	58,94
De 16 y más años	Ambos sexos	2006	58,22
De 16 y más años	Ambos sexos	2005	57,32
De 16 y más años	Ambos sexos	2004	56,30
De 16 y más años	Ambos sexos	2003	55,20
De 16 y más años	Ambos sexos	2002	53,80
De 16 y más años	Ambos sexos	2001	52,63
De 16 y más años	Ambos sexos	2000	51,81
De 16 y más años	Ambos sexos	1999	50,86
De 16 y más años	Ambos sexos	1998	50,34
De 16 y más años	Ambos sexos	1997	50,03
De 16 y más años	Ambos sexos	1996	49,66
De 16 y más años	Ambos sexos	1995	49,55
De 16 y más años	Ambos sexos	1994	49,73
De 16 y más años	Ambos sexos	1993	49,62
De 16 y más años	Ambos sexos	1992	49,96
De 16 y más años	Ambos sexos	1991	50,11
De 16 y más años	Ambos sexos	1990	50,04
De 16 y más años	Ambos sexos	1989	49,96
De 16 y más años	Ambos sexos	1988	50,08
De 16 y más años	Ambos sexos	1987	48,86
De 16 y más años	Ambos sexos	1986	48,42
De 16 y más años	Ambos sexos	1985	48,70
De 16 y más años	Ambos sexos	1984	49,17
De 16 y más años	Ambos sexos	1983	49,35
De 16 y más años	Ambos sexos	1982	49,41
De 16 y más años	Ambos sexos	1981	49,72
De 16 y más años	Ambos sexos	1980	50,44
De 16 y más años	Ambos sexos	1979	50,85
De 16 y más años	Ambos sexos	1978	51,42
De 16 y más años	Ambos sexos	1977	51,95
De 16 y más años	Varones	2029	56,70
De 16 y más años	Varones	2028	57,20
De 16 y más años	Varones	2027	57,76
De 16 y más años	Varones	2026	58,32
De 16 y más años	Varones	2025	58,95
De 16 y más años	Varones	2024	59,62
De 16 y más años	Varones	2023	60,26
De 16 y más años	Varones	2022	60,90
De 16 y más años	Varones	2021	61,49
De 16 y más años	Varones	2020	62,07
De 16 y más años	Varones	2019	62,65
De 16 y más años	Varones	2018	63,21
De 16 y más años	Varones	2017	63,76
De 16 y más años	Varones	2016	64,28
De 16 y más años	Varones	2015	65,87
De 16 y más años	Varones	2014	66,00
De 16 y más años	Varones	2013	66,75
De 16 y más años	Varones	2012	67,38
De 16 y más años	Varones	2011	67,79
De 16 y más años	Varones	2010	68,27
De 16 y más años	Varones	2009	69,26
De 16 y más años	Varones	2008	69,55
De 16 y más años	Varones	2007	69,29
De 16 y más años	Varones	2006	69,14
De 16 y más años	Varones	2005	68,65
De 16 y más años	Varones	2004	68,04
De 16 y más años	Varones	2003	67,47
De 16 y más años	Varones	2002	66,68
De 16 y más años	Varones	2001	65,91
De 16 y más años	Varones	2000	65,09
De 16 y más años	Varones	1999	64,55
De 16 y más años	Varones	1998	63,98
De 16 y más años	Varones	1997	63,84
De 16 y más años	Varones	1996	63,77
De 16 y más años	Varones	1995	64,02
De 16 y más años	Varones	1994	64,98
De 16 y más años	Varones	1993	65,62
De 16 y más años	Varones	1992	66,65
De 16 y más años	Varones	1991	67,61
De 16 y más años	Varones	1990	67,94
De 16 y más años	Varones	1989	68,21
De 16 y más años	Varones	1988	68,71
De 16 y más años	Varones	1987	69,35
De 16 y más años	Varones	1986	69,79
De 16 y más años	Varones	1985	70,49
De 16 y más años	Varones	1984	71,33
De 16 y más años	Varones	1983	72,10
De 16 y más años	Varones	1982	73,05
De 16 y más años	Varones	1981	73,62
De 16 y más años	Varones	1980	74,62
De 16 y más años	Varones	1979	75,47
De 16 y más años	Varones	1978	76,52
De 16 y más años	Varones	1977	77,43
De 16 y más años	Mujeres	2029	51,16
De 16 y más años	Mujeres	2028	51,63
De 16 y más años	Mujeres	2027	52,16
De 16 y más años	Mujeres	2026	52,69
De 16 y más años	Mujeres	2025	53,12
De 16 y más años	Mujeres	2024	53,58
De 16 y más años	Mujeres	2023	53,97
De 16 y más años	Mujeres	2022	54,33
De 16 y más años	Mujeres	2021	54,62
De 16 y más años	Mujeres	2020	54,86
De 16 y más años	Mujeres	2019	55,03
De 16 y más años	Mujeres	2018	55,14
De 16 y más años	Mujeres	2017	55,15
De 16 y más años	Mujeres	2016	55,03
De 16 y más años	Mujeres	2015	53,71
De 16 y más años	Mujeres	2014	53,80
De 16 y más años	Mujeres	2013	54,02
De 16 y más años	Mujeres	2012	53,68
De 16 y más años	Mujeres	2011	53,10
De 16 y más años	Mujeres	2010	52,30
De 16 y más años	Mujeres	2009	51,67
De 16 y más años	Mujeres	2008	50,14
De 16 y más años	Mujeres	2007	48,96
De 16 y más años	Mujeres	2006	47,72
De 16 y más años	Mujeres	2005	46,47
De 16 y más años	Mujeres	2004	45,09
De 16 y más años	Mujeres	2003	43,53
De 16 y más años	Mujeres	2002	41,57
De 16 y más años	Mujeres	2001	40,05
De 16 y más años	Mujeres	2000	39,25
De 16 y más años	Mujeres	1999	37,93
De 16 y más años	Mujeres	1998	37,46
De 16 y más años	Mujeres	1997	37,00
De 16 y más años	Mujeres	1996	36,36
De 16 y más años	Mujeres	1995	35,93
De 16 y más años	Mujeres	1994	35,36
De 16 y más años	Mujeres	1993	34,56
De 16 y más años	Mujeres	1992	34,25
De 16 y más años	Mujeres	1991	33,66
De 16 y más años	Mujeres	1990	33,23
De 16 y más años	Mujeres	1989	32,84
De 16 y más años	Mujeres	1988	32,60
De 16 y más años	Mujeres	1987	29,65
De 16 y más años	Mujeres	1986	28,41
De 16 y más años	Mujeres	1985	28,30
De 16 y más años	Mujeres	1984	28,45
De 16 y más años	Mujeres	1983	28,09
De 16 y más años	Mujeres	1982	27,35
De 16 y más años	Mujeres	1981	27,44
De 16 y más años	Mujeres	1980	27,94
De 16 y más años	Mujeres	1979	27,97
De 16 y más años	Mujeres	1978	28,14
De 16 y más años	Mujeres	1977	28,35
entre los 16 y 19 años	Ambos sexos	2029	9,15
entre los 16 y 19 años	Ambos sexos	2028	9,18
entre los 16 y 19 años	Ambos sexos	2027	9,28
entre los 16 y 19 años	Ambos sexos	2026	9,44
entre los 16 y 19 años	Ambos sexos	2025	9,67
entre los 16 y 19 años	Ambos sexos	2024	9,95
entre los 16 y 19 años	Ambos sexos	2023	10,28
entre los 16 y 19 años	Ambos sexos	2022	10,64
entre los 16 y 19 años	Ambos sexos	2021	11,05
entre los 16 y 19 años	Ambos sexos	2020	11,48
entre los 16 y 19 años	Ambos sexos	2019	11,93
entre los 16 y 19 años	Ambos sexos	2018	12,40
entre los 16 y 19 años	Ambos sexos	2017	12,88
entre los 16 y 19 años	Ambos sexos	2016	13,36
entre los 16 y 19 años	Ambos sexos	2015	14,93
entre los 16 y 19 años	Ambos sexos	2014	15,68
entre los 16 y 19 años	Ambos sexos	2013	16,62
entre los 16 y 19 años	Ambos sexos	2012	18,60
entre los 16 y 19 años	Ambos sexos	2011	19,96
entre los 16 y 19 años	Ambos sexos	2010	22,97
entre los 16 y 19 años	Ambos sexos	2009	27,57
entre los 16 y 19 años	Ambos sexos	2008	29,75
entre los 16 y 19 años	Ambos sexos	2007	29,71
entre los 16 y 19 años	Ambos sexos	2006	28,98
entre los 16 y 19 años	Ambos sexos	2005	27,45
entre los 16 y 19 años	Ambos sexos	2004	25,34
entre los 16 y 19 años	Ambos sexos	2003	25,64
entre los 16 y 19 años	Ambos sexos	2002	25,90
entre los 16 y 19 años	Ambos sexos	2001	25,18
entre los 16 y 19 años	Ambos sexos	2000	24,60
entre los 16 y 19 años	Ambos sexos	1999	23,51
entre los 16 y 19 años	Ambos sexos	1998	22,59
entre los 16 y 19 años	Ambos sexos	1997	23,04
entre los 16 y 19 años	Ambos sexos	1996	23,02
entre los 16 y 19 años	Ambos sexos	1995	24,87
entre los 16 y 19 años	Ambos sexos	1994	26,66
entre los 16 y 19 años	Ambos sexos	1993	27,91
entre los 16 y 19 años	Ambos sexos	1992	29,02
entre los 16 y 19 años	Ambos sexos	1991	30,24
entre los 16 y 19 años	Ambos sexos	1990	31,78
entre los 16 y 19 años	Ambos sexos	1989	34,19
entre los 16 y 19 años	Ambos sexos	1988	37,03
entre los 16 y 19 años	Ambos sexos	1987	35,70
entre los 16 y 19 años	Ambos sexos	1986	35,94
entre los 16 y 19 años	Ambos sexos	1985	38,42
entre los 16 y 19 años	Ambos sexos	1984	39,95
entre los 16 y 19 años	Ambos sexos	1983	41,65
entre los 16 y 19 años	Ambos sexos	1982	43,55
entre los 16 y 19 años	Ambos sexos	1981	45,17
entre los 16 y 19 años	Ambos sexos	1980	48,14
entre los 16 y 19 años	Ambos sexos	1979	50,29
entre los 16 y 19 años	Ambos sexos	1978	53,04
entre los 16 y 19 años	Ambos sexos	1977	54,58
entre los 16 y 19 años	Varones	2029	10,05
entre los 16 y 19 años	Varones	2028	10,11
entre los 16 y 19 años	Varones	2027	10,22
entre los 16 y 19 años	Varones	2026	10,38
entre los 16 y 19 años	Varones	2025	10,58
entre los 16 y 19 años	Varones	2024	10,83
entre los 16 y 19 años	Varones	2023	11,13
entre los 16 y 19 años	Varones	2022	11,48
entre los 16 y 19 años	Varones	2021	11,87
entre los 16 y 19 años	Varones	2020	12,30
entre los 16 y 19 años	Varones	2019	12,79
entre los 16 y 19 años	Varones	2018	13,32
entre los 16 y 19 años	Varones	2017	13,90
entre los 16 y 19 años	Varones	2016	14,52
entre los 16 y 19 años	Varones	2015	16,23
entre los 16 y 19 años	Varones	2014	17,32
entre los 16 y 19 años	Varones	2013	18,65
entre los 16 y 19 años	Varones	2012	20,45
entre los 16 y 19 años	Varones	2011	22,19
entre los 16 y 19 años	Varones	2010	26,80
entre los 16 y 19 años	Varones	2009	31,38
entre los 16 y 19 años	Varones	2008	34,10
entre los 16 y 19 años	Varones	2007	35,06
entre los 16 y 19 años	Varones	2006	33,16
entre los 16 y 19 años	Varones	2005	33,51
entre los 16 y 19 años	Varones	2004	30,67
entre los 16 y 19 años	Varones	2003	31,78
entre los 16 y 19 años	Varones	2002	31,10
entre los 16 y 19 años	Varones	2001	30,19
entre los 16 y 19 años	Varones	2000	27,86
entre los 16 y 19 años	Varones	1999	27,36
entre los 16 y 19 años	Varones	1998	25,74
entre los 16 y 19 años	Varones	1997	25,56
entre los 16 y 19 años	Varones	1996	25,12
entre los 16 y 19 años	Varones	1995	26,82
entre los 16 y 19 años	Varones	1994	28,95
entre los 16 y 19 años	Varones	1993	30,78
entre los 16 y 19 años	Varones	1992	31,90
entre los 16 y 19 años	Varones	1991	31,99
entre los 16 y 19 años	Varones	1990	32,94
entre los 16 y 19 años	Varones	1989	34,62
entre los 16 y 19 años	Varones	1988	38,12
entre los 16 y 19 años	Varones	1987	39,08
entre los 16 y 19 años	Varones	1986	40,94
entre los 16 y 19 años	Varones	1985	43,81
entre los 16 y 19 años	Varones	1984	45,51
entre los 16 y 19 años	Varones	1983	47,40
entre los 16 y 19 años	Varones	1982	49,68
entre los 16 y 19 años	Varones	1981	51,21
entre los 16 y 19 años	Varones	1980	53,99
entre los 16 y 19 años	Varones	1979	55,97
entre los 16 y 19 años	Varones	1978	59,62
entre los 16 y 19 años	Varones	1977	61,36
entre los 16 y 19 años	Mujeres	2029	8,20
entre los 16 y 19 años	Mujeres	2028	8,18
entre los 16 y 19 años	Mujeres	2027	8,27
entre los 16 y 19 años	Mujeres	2026	8,45
entre los 16 y 19 años	Mujeres	2025	8,70
entre los 16 y 19 años	Mujeres	2024	9,01
entre los 16 y 19 años	Mujeres	2023	9,37
entre los 16 y 19 años	Mujeres	2022	9,77
entre los 16 y 19 años	Mujeres	2021	10,18
entre los 16 y 19 años	Mujeres	2020	10,61
entre los 16 y 19 años	Mujeres	2019	11,03
entre los 16 y 19 años	Mujeres	2018	11,44
entre los 16 y 19 años	Mujeres	2017	11,81
entre los 16 y 19 años	Mujeres	2016	12,14
entre los 16 y 19 años	Mujeres	2015	13,55
entre los 16 y 19 años	Mujeres	2014	13,95
entre los 16 y 19 años	Mujeres	2013	14,47
entre los 16 y 19 años	Mujeres	2012	16,63
entre los 16 y 19 años	Mujeres	2011	17,58
entre los 16 y 19 años	Mujeres	2010	18,90
entre los 16 y 19 años	Mujeres	2009	23,54
entre los 16 y 19 años	Mujeres	2008	25,14
entre los 16 y 19 años	Mujeres	2007	24,06
entre los 16 y 19 años	Mujeres	2006	24,57
entre los 16 y 19 años	Mujeres	2005	21,04
entre los 16 y 19 años	Mujeres	2004	19,73
entre los 16 y 19 años	Mujeres	2003	19,19
entre los 16 y 19 años	Mujeres	2002	20,43
entre los 16 y 19 años	Mujeres	2001	19,93
entre los 16 y 19 años	Mujeres	2000	21,17
entre los 16 y 19 años	Mujeres	1999	19,46
entre los 16 y 19 años	Mujeres	1998	19,28
entre los 16 y 19 años	Mujeres	1997	20,39
entre los 16 y 19 años	Mujeres	1996	20,84
entre los 16 y 19 años	Mujeres	1995	22,83
entre los 16 y 19 años	Mujeres	1994	24,26
entre los 16 y 19 años	Mujeres	1993	24,91
entre los 16 y 19 años	Mujeres	1992	26,01
entre los 16 y 19 años	Mujeres	1991	28,41
entre los 16 y 19 años	Mujeres	1990	30,58
entre los 16 y 19 años	Mujeres	1989	33,73
entre los 16 y 19 años	Mujeres	1988	35,89
entre los 16 y 19 años	Mujeres	1987	32,16
entre los 16 y 19 años	Mujeres	1986	30,70
entre los 16 y 19 años	Mujeres	1985	32,81
entre los 16 y 19 años	Mujeres	1984	34,16
entre los 16 y 19 años	Mujeres	1983	35,65
entre los 16 y 19 años	Mujeres	1982	37,18
entre los 16 y 19 años	Mujeres	1981	38,93
entre los 16 y 19 años	Mujeres	1980	42,11
entre los 16 y 19 años	Mujeres	1979	44,45
entre los 16 y 19 años	Mujeres	1978	46,31
entre los 16 y 19 años	Mujeres	1977	47,65
entre los 20 y 24 años	Ambos sexos	2029	58,91
entre los 20 y 24 años	Ambos sexos	2028	58,91
entre los 20 y 24 años	Ambos sexos	2027	58,91
entre los 20 y 24 años	Ambos sexos	2026	58,90
entre los 20 y 24 años	Ambos sexos	2025	58,91
entre los 20 y 24 años	Ambos sexos	2024	58,91
entre los 20 y 24 años	Ambos sexos	2023	58,72
entre los 20 y 24 años	Ambos sexos	2022	58,42
entre los 20 y 24 años	Ambos sexos	2021	58,14
entre los 20 y 24 años	Ambos sexos	2020	57,78
entre los 20 y 24 años	Ambos sexos	2019	57,48
entre los 20 y 24 años	Ambos sexos	2018	57,18
entre los 20 y 24 años	Ambos sexos	2017	56,92
entre los 20 y 24 años	Ambos sexos	2016	56,72
entre los 20 y 24 años	Ambos sexos	2015	57,24
entre los 20 y 24 años	Ambos sexos	2014	58,63
entre los 20 y 24 años	Ambos sexos	2013	60,66
entre los 20 y 24 años	Ambos sexos	2012	62,09
entre los 20 y 24 años	Ambos sexos	2011	64,09
entre los 20 y 24 años	Ambos sexos	2010	65,33
entre los 20 y 24 años	Ambos sexos	2009	67,92
entre los 20 y 24 años	Ambos sexos	2008	67,62
entre los 20 y 24 años	Ambos sexos	2007	67,49
entre los 20 y 24 años	Ambos sexos	2006	67,85
entre los 20 y 24 años	Ambos sexos	2005	65,74
entre los 20 y 24 años	Ambos sexos	2004	64,19
entre los 20 y 24 años	Ambos sexos	2003	62,61
entre los 20 y 24 años	Ambos sexos	2002	61,36
entre los 20 y 24 años	Ambos sexos	2001	59,67
entre los 20 y 24 años	Ambos sexos	2000	58,68
entre los 20 y 24 años	Ambos sexos	1999	57,59
entre los 20 y 24 años	Ambos sexos	1998	56,87
entre los 20 y 24 años	Ambos sexos	1997	57,09
entre los 20 y 24 años	Ambos sexos	1996	58,08
entre los 20 y 24 años	Ambos sexos	1995	59,35
entre los 20 y 24 años	Ambos sexos	1994	60,79
entre los 20 y 24 años	Ambos sexos	1993	60,93
entre los 20 y 24 años	Ambos sexos	1992	63,30
entre los 20 y 24 años	Ambos sexos	1991	64,81
entre los 20 y 24 años	Ambos sexos	1990	65,64
entre los 20 y 24 años	Ambos sexos	1989	66,28
entre los 20 y 24 años	Ambos sexos	1988	65,17
entre los 20 y 24 años	Ambos sexos	1987	62,24
entre los 20 y 24 años	Ambos sexos	1986	59,80
entre los 20 y 24 años	Ambos sexos	1985	59,54
entre los 20 y 24 años	Ambos sexos	1984	59,77
entre los 20 y 24 años	Ambos sexos	1983	59,62
entre los 20 y 24 años	Ambos sexos	1982	59,08
entre los 20 y 24 años	Ambos sexos	1981	58,75
entre los 20 y 24 años	Ambos sexos	1980	59,00
entre los 20 y 24 años	Ambos sexos	1979	58,55
entre los 20 y 24 años	Ambos sexos	1978	58,31
entre los 20 y 24 años	Ambos sexos	1977	58,42
entre los 20 y 24 años	Varones	2029	62,85
entre los 20 y 24 años	Varones	2028	62,85
entre los 20 y 24 años	Varones	2027	62,85
entre los 20 y 24 años	Varones	2026	62,85
entre los 20 y 24 años	Varones	2025	62,97
entre los 20 y 24 años	Varones	2024	62,96
entre los 20 y 24 años	Varones	2023	62,76
entre los 20 y 24 años	Varones	2022	62,39
entre los 20 y 24 años	Varones	2021	61,89
entre los 20 y 24 años	Varones	2020	61,27
entre los 20 y 24 años	Varones	2019	60,56
entre los 20 y 24 años	Varones	2018	59,77
entre los 20 y 24 años	Varones	2017	59,01
entre los 20 y 24 años	Varones	2016	58,53
entre los 20 y 24 años	Varones	2015	59,60
entre los 20 y 24 años	Varones	2014	61,11
entre los 20 y 24 años	Varones	2013	62,93
entre los 20 y 24 años	Varones	2012	63,63
entre los 20 y 24 años	Varones	2011	66,20
entre los 20 y 24 años	Varones	2010	68,28
entre los 20 y 24 años	Varones	2009	72,02
entre los 20 y 24 años	Varones	2008	72,16
entre los 20 y 24 años	Varones	2007	72,29
entre los 20 y 24 años	Varones	2006	72,70
entre los 20 y 24 años	Varones	2005	70,92
entre los 20 y 24 años	Varones	2004	69,85
entre los 20 y 24 años	Varones	2003	67,62
entre los 20 y 24 años	Varones	2002	67,01
entre los 20 y 24 años	Varones	2001	64,68
entre los 20 y 24 años	Varones	2000	62,57
entre los 20 y 24 años	Varones	1999	61,67
entre los 20 y 24 años	Varones	1998	60,18
entre los 20 y 24 años	Varones	1997	60,55
entre los 20 y 24 años	Varones	1996	61,57
entre los 20 y 24 años	Varones	1995	62,95
entre los 20 y 24 años	Varones	1994	65,61
entre los 20 y 24 años	Varones	1993	66,27
entre los 20 y 24 años	Varones	1992	68,38
entre los 20 y 24 años	Varones	1991	70,70
entre los 20 y 24 años	Varones	1990	71,36
entre los 20 y 24 años	Varones	1989	71,49
entre los 20 y 24 años	Varones	1988	70,49
entre los 20 y 24 años	Varones	1987	69,13
entre los 20 y 24 años	Varones	1986	66,75
entre los 20 y 24 años	Varones	1985	65,54
entre los 20 y 24 años	Varones	1984	65,04
entre los 20 y 24 años	Varones	1983	64,95
entre los 20 y 24 años	Varones	1982	64,62
entre los 20 y 24 años	Varones	1981	63,52
entre los 20 y 24 años	Varones	1980	63,87
entre los 20 y 24 años	Varones	1979	63,18
entre los 20 y 24 años	Varones	1978	62,91
entre los 20 y 24 años	Varones	1977	63,47
entre los 20 y 24 años	Mujeres	2029	54,81
entre los 20 y 24 años	Mujeres	2028	54,82
entre los 20 y 24 años	Mujeres	2027	54,82
entre los 20 y 24 años	Mujeres	2026	54,82
entre los 20 y 24 años	Mujeres	2025	54,71
entre los 20 y 24 años	Mujeres	2024	54,73
entre los 20 y 24 años	Mujeres	2023	54,55
entre los 20 y 24 años	Mujeres	2022	54,32
entre los 20 y 24 años	Mujeres	2021	54,28
entre los 20 y 24 años	Mujeres	2020	54,18
entre los 20 y 24 años	Mujeres	2019	54,29
entre los 20 y 24 años	Mujeres	2018	54,51
entre los 20 y 24 años	Mujeres	2017	54,76
entre los 20 y 24 años	Mujeres	2016	54,85
entre los 20 y 24 años	Mujeres	2015	54,82
entre los 20 y 24 años	Mujeres	2014	56,08
entre los 20 y 24 años	Mujeres	2013	58,34
entre los 20 y 24 años	Mujeres	2012	60,52
entre los 20 y 24 años	Mujeres	2011	61,93
entre los 20 y 24 años	Mujeres	2010	62,29
entre los 20 y 24 años	Mujeres	2009	63,66
entre los 20 y 24 años	Mujeres	2008	62,90
entre los 20 y 24 años	Mujeres	2007	62,50
entre los 20 y 24 años	Mujeres	2006	62,78
entre los 20 y 24 años	Mujeres	2005	60,32
entre los 20 y 24 años	Mujeres	2004	58,28
entre los 20 y 24 años	Mujeres	2003	57,34
entre los 20 y 24 años	Mujeres	2002	55,44
entre los 20 y 24 años	Mujeres	2001	54,42
entre los 20 y 24 años	Mujeres	2000	54,62
entre los 20 y 24 años	Mujeres	1999	53,34
entre los 20 y 24 años	Mujeres	1998	53,41
entre los 20 y 24 años	Mujeres	1997	53,48
entre los 20 y 24 años	Mujeres	1996	54,44
entre los 20 y 24 años	Mujeres	1995	55,60
entre los 20 y 24 años	Mujeres	1994	55,75
entre los 20 y 24 años	Mujeres	1993	55,36
entre los 20 y 24 años	Mujeres	1992	58,01
entre los 20 y 24 años	Mujeres	1991	58,71
entre los 20 y 24 años	Mujeres	1990	59,74
entre los 20 y 24 años	Mujeres	1989	60,91
entre los 20 y 24 años	Mujeres	1988	59,70
entre los 20 y 24 años	Mujeres	1987	55,14
entre los 20 y 24 años	Mujeres	1986	52,67
entre los 20 y 24 años	Mujeres	1985	53,41
entre los 20 y 24 años	Mujeres	1984	54,41
entre los 20 y 24 años	Mujeres	1983	54,22
entre los 20 y 24 años	Mujeres	1982	53,50
entre los 20 y 24 años	Mujeres	1981	53,93
entre los 20 y 24 años	Mujeres	1980	54,06
entre los 20 y 24 años	Mujeres	1979	53,85
entre los 20 y 24 años	Mujeres	1978	53,63
entre los 20 y 24 años	Mujeres	1977	53,28
entre los 25 y 29 años	Ambos sexos	2029	87,39
entre los 25 y 29 años	Ambos sexos	2028	87,38
entre los 25 y 29 años	Ambos sexos	2027	87,37
entre los 25 y 29 años	Ambos sexos	2026	87,36
entre los 25 y 29 años	Ambos sexos	2025	87,34
entre los 25 y 29 años	Ambos sexos	2024	87,31
entre los 25 y 29 años	Ambos sexos	2023	87,27
entre los 25 y 29 años	Ambos sexos	2022	87,22
entre los 25 y 29 años	Ambos sexos	2021	87,17
entre los 25 y 29 años	Ambos sexos	2020	87,12
entre los 25 y 29 años	Ambos sexos	2019	87,05
entre los 25 y 29 años	Ambos sexos	2018	87,01
entre los 25 y 29 años	Ambos sexos	2017	86,96
entre los 25 y 29 años	Ambos sexos	2016	86,88
entre los 25 y 29 años	Ambos sexos	2015	86,18
entre los 25 y 29 años	Ambos sexos	2014	86,98
entre los 25 y 29 años	Ambos sexos	2013	87,10
entre los 25 y 29 años	Ambos sexos	2012	86,98
entre los 25 y 29 años	Ambos sexos	2011	86,86
entre los 25 y 29 años	Ambos sexos	2010	86,90
entre los 25 y 29 años	Ambos sexos	2009	87,00
entre los 25 y 29 años	Ambos sexos	2008	86,55
entre los 25 y 29 años	Ambos sexos	2007	86,32
entre los 25 y 29 años	Ambos sexos	2006	85,69
entre los 25 y 29 años	Ambos sexos	2005	85,54
entre los 25 y 29 años	Ambos sexos	2004	85,31
entre los 25 y 29 años	Ambos sexos	2003	83,97
entre los 25 y 29 años	Ambos sexos	2002	82,48
entre los 25 y 29 años	Ambos sexos	2001	80,36
entre los 25 y 29 años	Ambos sexos	2000	80,14
entre los 25 y 29 años	Ambos sexos	1999	79,17
entre los 25 y 29 años	Ambos sexos	1998	78,42
entre los 25 y 29 años	Ambos sexos	1997	78,14
entre los 25 y 29 años	Ambos sexos	1996	77,24
entre los 25 y 29 años	Ambos sexos	1995	76,83
entre los 25 y 29 años	Ambos sexos	1994	76,67
entre los 25 y 29 años	Ambos sexos	1993	75,98
entre los 25 y 29 años	Ambos sexos	1992	76,41
entre los 25 y 29 años	Ambos sexos	1991	76,93
entre los 25 y 29 años	Ambos sexos	1990	76,29
entre los 25 y 29 años	Ambos sexos	1989	75,51
entre los 25 y 29 años	Ambos sexos	1988	75,40
entre los 25 y 29 años	Ambos sexos	1987	73,35
entre los 25 y 29 años	Ambos sexos	1986	71,79
entre los 25 y 29 años	Ambos sexos	1985	71,42
entre los 25 y 29 años	Ambos sexos	1984	70,79
entre los 25 y 29 años	Ambos sexos	1983	69,69
entre los 25 y 29 años	Ambos sexos	1982	68,27
entre los 25 y 29 años	Ambos sexos	1981	66,97
entre los 25 y 29 años	Ambos sexos	1980	67,02
entre los 25 y 29 años	Ambos sexos	1979	65,54
entre los 25 y 29 años	Ambos sexos	1978	65,69
entre los 25 y 29 años	Ambos sexos	1977	65,14
entre los 25 y 29 años	Varones	2029	87,21
entre los 25 y 29 años	Varones	2028	87,21
entre los 25 y 29 años	Varones	2027	87,20
entre los 25 y 29 años	Varones	2026	87,19
entre los 25 y 29 años	Varones	2025	87,21
entre los 25 y 29 años	Varones	2024	87,23
entre los 25 y 29 años	Varones	2023	87,25
entre los 25 y 29 años	Varones	2022	87,27
entre los 25 y 29 años	Varones	2021	87,29
entre los 25 y 29 años	Varones	2020	87,32
entre los 25 y 29 años	Varones	2019	87,36
entre los 25 y 29 años	Varones	2018	87,42
entre los 25 y 29 años	Varones	2017	87,50
entre los 25 y 29 años	Varones	2016	87,59
entre los 25 y 29 años	Varones	2015	88,85
entre los 25 y 29 años	Varones	2014	89,16
entre los 25 y 29 años	Varones	2013	89,84
entre los 25 y 29 años	Varones	2012	89,83
entre los 25 y 29 años	Varones	2011	89,05
entre los 25 y 29 años	Varones	2010	89,28
entre los 25 y 29 años	Varones	2009	89,94
entre los 25 y 29 años	Varones	2008	90,45
entre los 25 y 29 años	Varones	2007	90,66
entre los 25 y 29 años	Varones	2006	90,13
entre los 25 y 29 años	Varones	2005	89,99
entre los 25 y 29 años	Varones	2004	89,91
entre los 25 y 29 años	Varones	2003	89,27
entre los 25 y 29 años	Varones	2002	88,59
entre los 25 y 29 años	Varones	2001	87,39
entre los 25 y 29 años	Varones	2000	87,12
entre los 25 y 29 años	Varones	1999	87,20
entre los 25 y 29 años	Varones	1998	86,57
entre los 25 y 29 años	Varones	1997	86,40
entre los 25 y 29 años	Varones	1996	86,17
entre los 25 y 29 años	Varones	1995	87,00
entre los 25 y 29 años	Varones	1994	87,32
entre los 25 y 29 años	Varones	1993	87,92
entre los 25 y 29 años	Varones	1992	89,58
entre los 25 y 29 años	Varones	1991	91,24
entre los 25 y 29 años	Varones	1990	90,76
entre los 25 y 29 años	Varones	1989	91,08
entre los 25 y 29 años	Varones	1988	91,15
entre los 25 y 29 años	Varones	1987	91,50
entre los 25 y 29 años	Varones	1986	91,72
entre los 25 y 29 años	Varones	1985	92,63
entre los 25 y 29 años	Varones	1984	93,18
entre los 25 y 29 años	Varones	1983	93,15
entre los 25 y 29 años	Varones	1982	93,44
entre los 25 y 29 años	Varones	1981	93,20
entre los 25 y 29 años	Varones	1980	93,95
entre los 25 y 29 años	Varones	1979	93,68
entre los 25 y 29 años	Varones	1978	94,73
entre los 25 y 29 años	Varones	1977	95,03
entre los 25 y 29 años	Mujeres	2029	87,57
entre los 25 y 29 años	Mujeres	2028	87,56
entre los 25 y 29 años	Mujeres	2027	87,55
entre los 25 y 29 años	Mujeres	2026	87,54
entre los 25 y 29 años	Mujeres	2025	87,47
entre los 25 y 29 años	Mujeres	2024	87,38
entre los 25 y 29 años	Mujeres	2023	87,29
entre los 25 y 29 años	Mujeres	2022	87,17
entre los 25 y 29 años	Mujeres	2021	87,06
entre los 25 y 29 años	Mujeres	2020	86,91
entre los 25 y 29 años	Mujeres	2019	86,74
entre los 25 y 29 años	Mujeres	2018	86,59
entre los 25 y 29 años	Mujeres	2017	86,41
entre los 25 y 29 años	Mujeres	2016	86,17
entre los 25 y 29 años	Mujeres	2015	83,53
entre los 25 y 29 años	Mujeres	2014	84,80
entre los 25 y 29 años	Mujeres	2013	84,35
entre los 25 y 29 años	Mujeres	2012	84,09
entre los 25 y 29 años	Mujeres	2011	84,61
entre los 25 y 29 años	Mujeres	2010	84,42
entre los 25 y 29 años	Mujeres	2009	83,90
entre los 25 y 29 años	Mujeres	2008	82,42
entre los 25 y 29 años	Mujeres	2007	81,71
entre los 25 y 29 años	Mujeres	2006	80,97
entre los 25 y 29 años	Mujeres	2005	80,83
entre los 25 y 29 años	Mujeres	2004	80,46
entre los 25 y 29 años	Mujeres	2003	78,39
entre los 25 y 29 años	Mujeres	2002	76,08
entre los 25 y 29 años	Mujeres	2001	73,05
entre los 25 y 29 años	Mujeres	2000	72,92
entre los 25 y 29 años	Mujeres	1999	70,86
entre los 25 y 29 años	Mujeres	1998	69,98
entre los 25 y 29 años	Mujeres	1997	69,60
entre los 25 y 29 años	Mujeres	1996	68,01
entre los 25 y 29 años	Mujeres	1995	66,33
entre los 25 y 29 años	Mujeres	1994	65,71
entre los 25 y 29 años	Mujeres	1993	63,70
entre los 25 y 29 años	Mujeres	1992	62,90
entre los 25 y 29 años	Mujeres	1991	62,28
entre los 25 y 29 años	Mujeres	1990	61,51
entre los 25 y 29 años	Mujeres	1989	59,66
entre los 25 y 29 años	Mujeres	1988	59,42
entre los 25 y 29 años	Mujeres	1987	54,96
entre los 25 y 29 años	Mujeres	1986	51,64
entre los 25 y 29 años	Mujeres	1985	49,97
entre los 25 y 29 años	Mujeres	1984	48,14
entre los 25 y 29 años	Mujeres	1983	45,93
entre los 25 y 29 años	Mujeres	1982	42,76
entre los 25 y 29 años	Mujeres	1981	40,34
entre los 25 y 29 años	Mujeres	1980	39,65
entre los 25 y 29 años	Mujeres	1979	36,94
entre los 25 y 29 años	Mujeres	1978	36,23
entre los 25 y 29 años	Mujeres	1977	34,93
entre los 30 y 34 años	Ambos sexos	2029	93,24
entre los 30 y 34 años	Ambos sexos	2028	93,24
entre los 30 y 34 años	Ambos sexos	2027	93,23
entre los 30 y 34 años	Ambos sexos	2026	93,23
entre los 30 y 34 años	Ambos sexos	2025	93,16
entre los 30 y 34 años	Ambos sexos	2024	93,08
entre los 30 y 34 años	Ambos sexos	2023	92,99
entre los 30 y 34 años	Ambos sexos	2022	92,89
entre los 30 y 34 años	Ambos sexos	2021	92,77
entre los 30 y 34 años	Ambos sexos	2020	92,64
entre los 30 y 34 años	Ambos sexos	2019	92,48
entre los 30 y 34 años	Ambos sexos	2018	92,32
entre los 30 y 34 años	Ambos sexos	2017	92,12
entre los 30 y 34 años	Ambos sexos	2016	91,91
entre los 30 y 34 años	Ambos sexos	2015	91,15
entre los 30 y 34 años	Ambos sexos	2014	90,94
entre los 30 y 34 años	Ambos sexos	2013	90,64
entre los 30 y 34 años	Ambos sexos	2012	90,15
entre los 30 y 34 años	Ambos sexos	2011	90,16
entre los 30 y 34 años	Ambos sexos	2010	89,05
entre los 30 y 34 años	Ambos sexos	2009	88,86
entre los 30 y 34 años	Ambos sexos	2008	88,17
entre los 30 y 34 años	Ambos sexos	2007	86,91
entre los 30 y 34 años	Ambos sexos	2006	86,11
entre los 30 y 34 años	Ambos sexos	2005	85,91
entre los 30 y 34 años	Ambos sexos	2004	85,37
entre los 30 y 34 años	Ambos sexos	2003	84,25
entre los 30 y 34 años	Ambos sexos	2002	82,35
entre los 30 y 34 años	Ambos sexos	2001	80,81
entre los 30 y 34 años	Ambos sexos	2000	80,50
entre los 30 y 34 años	Ambos sexos	1999	79,20
entre los 30 y 34 años	Ambos sexos	1998	78,30
entre los 30 y 34 años	Ambos sexos	1997	77,79
entre los 30 y 34 años	Ambos sexos	1996	76,99
entre los 30 y 34 años	Ambos sexos	1995	76,79
entre los 30 y 34 años	Ambos sexos	1994	76,83
entre los 30 y 34 años	Ambos sexos	1993	75,80
entre los 30 y 34 años	Ambos sexos	1992	75,64
entre los 30 y 34 años	Ambos sexos	1991	75,76
entre los 30 y 34 años	Ambos sexos	1990	74,30
entre los 30 y 34 años	Ambos sexos	1989	73,38
entre los 30 y 34 años	Ambos sexos	1988	72,83
entre los 30 y 34 años	Ambos sexos	1987	70,51
entre los 30 y 34 años	Ambos sexos	1986	68,52
entre los 30 y 34 años	Ambos sexos	1985	67,54
entre los 30 y 34 años	Ambos sexos	1984	66,86
entre los 30 y 34 años	Ambos sexos	1983	65,33
entre los 30 y 34 años	Ambos sexos	1982	63,80
entre los 30 y 34 años	Ambos sexos	1981	63,61
entre los 30 y 34 años	Ambos sexos	1980	63,56
entre los 30 y 34 años	Ambos sexos	1979	63,35
entre los 30 y 34 años	Ambos sexos	1978	62,70
entre los 30 y 34 años	Ambos sexos	1977	62,36
entre los 30 y 34 años	Varones	2029	93,84
entre los 30 y 34 años	Varones	2028	93,83
entre los 30 y 34 años	Varones	2027	93,83
entre los 30 y 34 años	Varones	2026	93,82
entre los 30 y 34 años	Varones	2025	93,82
entre los 30 y 34 años	Varones	2024	93,84
entre los 30 y 34 años	Varones	2023	93,85
entre los 30 y 34 años	Varones	2022	93,87
entre los 30 y 34 años	Varones	2021	93,89
entre los 30 y 34 años	Varones	2020	93,89
entre los 30 y 34 años	Varones	2019	93,91
entre los 30 y 34 años	Varones	2018	93,93
entre los 30 y 34 años	Varones	2017	93,96
entre los 30 y 34 años	Varones	2016	94,04
entre los 30 y 34 años	Varones	2015	94,85
entre los 30 y 34 años	Varones	2014	94,44
entre los 30 y 34 años	Varones	2013	94,44
entre los 30 y 34 años	Varones	2012	94,62
entre los 30 y 34 años	Varones	2011	94,57
entre los 30 y 34 años	Varones	2010	94,29
entre los 30 y 34 años	Varones	2009	94,74
entre los 30 y 34 años	Varones	2008	94,82
entre los 30 y 34 años	Varones	2007	94,10
entre los 30 y 34 años	Varones	2006	94,42
entre los 30 y 34 años	Varones	2005	94,67
entre los 30 y 34 años	Varones	2004	95,00
entre los 30 y 34 años	Varones	2003	94,74
entre los 30 y 34 años	Varones	2002	94,34
entre los 30 y 34 años	Varones	2001	94,19
entre los 30 y 34 años	Varones	2000	94,54
entre los 30 y 34 años	Varones	1999	93,98
entre los 30 y 34 años	Varones	1998	93,27
entre los 30 y 34 años	Varones	1997	93,31
entre los 30 y 34 años	Varones	1996	93,05
entre los 30 y 34 años	Varones	1995	93,18
entre los 30 y 34 años	Varones	1994	94,07
entre los 30 y 34 años	Varones	1993	93,94
entre los 30 y 34 años	Varones	1992	94,63
entre los 30 y 34 años	Varones	1991	95,80
entre los 30 y 34 años	Varones	1990	95,62
entre los 30 y 34 años	Varones	1989	95,76
entre los 30 y 34 años	Varones	1988	95,99
entre los 30 y 34 años	Varones	1987	95,93
entre los 30 y 34 años	Varones	1986	96,46
entre los 30 y 34 años	Varones	1985	96,32
entre los 30 y 34 años	Varones	1984	96,50
entre los 30 y 34 años	Varones	1983	96,46
entre los 30 y 34 años	Varones	1982	96,67
entre los 30 y 34 años	Varones	1981	96,94
entre los 30 y 34 años	Varones	1980	97,58
entre los 30 y 34 años	Varones	1979	97,44
entre los 30 y 34 años	Varones	1978	97,54
entre los 30 y 34 años	Varones	1977	97,61
entre los 30 y 34 años	Mujeres	2029	92,65
entre los 30 y 34 años	Mujeres	2028	92,65
entre los 30 y 34 años	Mujeres	2027	92,64
entre los 30 y 34 años	Mujeres	2026	92,64
entre los 30 y 34 años	Mujeres	2025	92,49
entre los 30 y 34 años	Mujeres	2024	92,32
entre los 30 y 34 años	Mujeres	2023	92,13
entre los 30 y 34 años	Mujeres	2022	91,91
entre los 30 y 34 años	Mujeres	2021	91,66
entre los 30 y 34 años	Mujeres	2020	91,40
entre los 30 y 34 años	Mujeres	2019	91,08
entre los 30 y 34 años	Mujeres	2018	90,72
entre los 30 y 34 años	Mujeres	2017	90,31
entre los 30 y 34 años	Mujeres	2016	89,78
entre los 30 y 34 años	Mujeres	2015	87,44
entre los 30 y 34 años	Mujeres	2014	87,40
entre los 30 y 34 años	Mujeres	2013	86,75
entre los 30 y 34 años	Mujeres	2012	85,49
entre los 30 y 34 años	Mujeres	2011	85,51
entre los 30 y 34 años	Mujeres	2010	83,48
entre los 30 y 34 años	Mujeres	2009	82,55
entre los 30 y 34 años	Mujeres	2008	81,01
entre los 30 y 34 años	Mujeres	2007	79,21
entre los 30 y 34 años	Mujeres	2006	77,22
entre los 30 y 34 años	Mujeres	2005	76,60
entre los 30 y 34 años	Mujeres	2004	75,22
entre los 30 y 34 años	Mujeres	2003	73,29
entre los 30 y 34 años	Mujeres	2002	69,96
entre los 30 y 34 años	Mujeres	2001	67,08
entre los 30 y 34 años	Mujeres	2000	66,17
entre los 30 y 34 años	Mujeres	1999	64,14
entre los 30 y 34 años	Mujeres	1998	63,08
entre los 30 y 34 años	Mujeres	1997	62,04
entre los 30 y 34 años	Mujeres	1996	60,67
entre los 30 y 34 años	Mujeres	1995	60,15
entre los 30 y 34 años	Mujeres	1994	59,36
entre los 30 y 34 años	Mujeres	1993	57,45
entre los 30 y 34 años	Mujeres	1992	56,46
entre los 30 y 34 años	Mujeres	1991	55,54
entre los 30 y 34 años	Mujeres	1990	52,80
entre los 30 y 34 años	Mujeres	1989	50,80
entre los 30 y 34 años	Mujeres	1988	49,45
entre los 30 y 34 años	Mujeres	1987	44,84
entre los 30 y 34 años	Mujeres	1986	40,29
entre los 30 y 34 años	Mujeres	1985	38,44
entre los 30 y 34 años	Mujeres	1984	36,91
entre los 30 y 34 años	Mujeres	1983	33,90
entre los 30 y 34 años	Mujeres	1982	30,66
entre los 30 y 34 años	Mujeres	1981	30,02
entre los 30 y 34 años	Mujeres	1980	29,26
entre los 30 y 34 años	Mujeres	1979	29,02
entre los 30 y 34 años	Mujeres	1978	27,66
entre los 30 y 34 años	Mujeres	1977	26,93
entre los 35 y 39 años	Ambos sexos	2029	93,47
entre los 35 y 39 años	Ambos sexos	2028	93,47
entre los 35 y 39 años	Ambos sexos	2027	93,46
entre los 35 y 39 años	Ambos sexos	2026	93,46
entre los 35 y 39 años	Ambos sexos	2025	93,36
entre los 35 y 39 años	Ambos sexos	2024	93,25
entre los 35 y 39 años	Ambos sexos	2023	93,12
entre los 35 y 39 años	Ambos sexos	2022	92,98
entre los 35 y 39 años	Ambos sexos	2021	92,81
entre los 35 y 39 años	Ambos sexos	2020	92,63
entre los 35 y 39 años	Ambos sexos	2019	92,44
entre los 35 y 39 años	Ambos sexos	2018	92,20
entre los 35 y 39 años	Ambos sexos	2017	91,97
entre los 35 y 39 años	Ambos sexos	2016	91,65
entre los 35 y 39 años	Ambos sexos	2015	90,68
entre los 35 y 39 años	Ambos sexos	2014	90,48
entre los 35 y 39 años	Ambos sexos	2013	90,43
entre los 35 y 39 años	Ambos sexos	2012	89,73
entre los 35 y 39 años	Ambos sexos	2011	89,01
entre los 35 y 39 años	Ambos sexos	2010	87,71
entre los 35 y 39 años	Ambos sexos	2009	86,83
entre los 35 y 39 años	Ambos sexos	2008	85,34
entre los 35 y 39 años	Ambos sexos	2007	84,90
entre los 35 y 39 años	Ambos sexos	2006	84,10
entre los 35 y 39 años	Ambos sexos	2005	83,19
entre los 35 y 39 años	Ambos sexos	2004	82,47
entre los 35 y 39 años	Ambos sexos	2003	81,40
entre los 35 y 39 años	Ambos sexos	2002	79,43
entre los 35 y 39 años	Ambos sexos	2001	78,92
entre los 35 y 39 años	Ambos sexos	2000	78,42
entre los 35 y 39 años	Ambos sexos	1999	77,43
entre los 35 y 39 años	Ambos sexos	1998	76,89
entre los 35 y 39 años	Ambos sexos	1997	77,06
entre los 35 y 39 años	Ambos sexos	1996	76,47
entre los 35 y 39 años	Ambos sexos	1995	75,34
entre los 35 y 39 años	Ambos sexos	1994	75,47
entre los 35 y 39 años	Ambos sexos	1993	74,13
entre los 35 y 39 años	Ambos sexos	1992	73,53
entre los 35 y 39 años	Ambos sexos	1991	72,82
entre los 35 y 39 años	Ambos sexos	1990	70,93
entre los 35 y 39 años	Ambos sexos	1989	69,02
entre los 35 y 39 años	Ambos sexos	1988	68,02
entre los 35 y 39 años	Ambos sexos	1987	65,50
entre los 35 y 39 años	Ambos sexos	1986	64,72
entre los 35 y 39 años	Ambos sexos	1985	64,10
entre los 35 y 39 años	Ambos sexos	1984	63,60
entre los 35 y 39 años	Ambos sexos	1983	63,28
entre los 35 y 39 años	Ambos sexos	1982	62,67
entre los 35 y 39 años	Ambos sexos	1981	62,88
entre los 35 y 39 años	Ambos sexos	1980	63,31
entre los 35 y 39 años	Ambos sexos	1979	62,64
entre los 35 y 39 años	Ambos sexos	1978	62,35
entre los 35 y 39 años	Ambos sexos	1977	62,56
entre los 35 y 39 años	Varones	2029	94,28
entre los 35 y 39 años	Varones	2028	94,27
entre los 35 y 39 años	Varones	2027	94,27
entre los 35 y 39 años	Varones	2026	94,26
entre los 35 y 39 años	Varones	2025	94,27
entre los 35 y 39 años	Varones	2024	94,28
entre los 35 y 39 años	Varones	2023	94,29
entre los 35 y 39 años	Varones	2022	94,31
entre los 35 y 39 años	Varones	2021	94,33
entre los 35 y 39 años	Varones	2020	94,35
entre los 35 y 39 años	Varones	2019	94,39
entre los 35 y 39 años	Varones	2018	94,42
entre los 35 y 39 años	Varones	2017	94,48
entre los 35 y 39 años	Varones	2016	94,53
entre los 35 y 39 años	Varones	2015	95,30
entre los 35 y 39 años	Varones	2014	95,14
entre los 35 y 39 años	Varones	2013	95,06
entre los 35 y 39 años	Varones	2012	95,00
entre los 35 y 39 años	Varones	2011	95,00
entre los 35 y 39 años	Varones	2010	94,31
entre los 35 y 39 años	Varones	2009	94,13
entre los 35 y 39 años	Varones	2008	94,68
entre los 35 y 39 años	Varones	2007	94,81
entre los 35 y 39 años	Varones	2006	94,97
entre los 35 y 39 años	Varones	2005	94,90
entre los 35 y 39 años	Varones	2004	94,85
entre los 35 y 39 años	Varones	2003	94,90
entre los 35 y 39 años	Varones	2002	94,66
entre los 35 y 39 años	Varones	2001	94,36
entre los 35 y 39 años	Varones	2000	94,47
entre los 35 y 39 años	Varones	1999	94,26
entre los 35 y 39 años	Varones	1998	94,38
entre los 35 y 39 años	Varones	1997	94,61
entre los 35 y 39 años	Varones	1996	94,29
entre los 35 y 39 años	Varones	1995	94,01
entre los 35 y 39 años	Varones	1994	94,42
entre los 35 y 39 años	Varones	1993	94,79
entre los 35 y 39 años	Varones	1992	95,62
entre los 35 y 39 años	Varones	1991	96,43
entre los 35 y 39 años	Varones	1990	95,90
entre los 35 y 39 años	Varones	1989	95,74
entre los 35 y 39 años	Varones	1988	95,90
entre los 35 y 39 años	Varones	1987	96,35
entre los 35 y 39 años	Varones	1986	96,23
entre los 35 y 39 años	Varones	1985	96,53
entre los 35 y 39 años	Varones	1984	96,63
entre los 35 y 39 años	Varones	1983	96,77
entre los 35 y 39 años	Varones	1982	96,80
entre los 35 y 39 años	Varones	1981	96,84
entre los 35 y 39 años	Varones	1980	97,25
entre los 35 y 39 años	Varones	1979	97,74
entre los 35 y 39 años	Varones	1978	97,56
entre los 35 y 39 años	Varones	1977	97,95
entre los 35 y 39 años	Mujeres	2029	92,68
entre los 35 y 39 años	Mujeres	2028	92,68
entre los 35 y 39 años	Mujeres	2027	92,67
entre los 35 y 39 años	Mujeres	2026	92,67
entre los 35 y 39 años	Mujeres	2025	92,48
entre los 35 y 39 años	Mujeres	2024	92,25
entre los 35 y 39 años	Mujeres	2023	91,97
entre los 35 y 39 años	Mujeres	2022	91,68
entre los 35 y 39 años	Mujeres	2021	91,33
entre los 35 y 39 años	Mujeres	2020	90,94
entre los 35 y 39 años	Mujeres	2019	90,50
entre los 35 y 39 años	Mujeres	2018	89,97
entre los 35 y 39 años	Mujeres	2017	89,42
entre los 35 y 39 años	Mujeres	2016	88,72
entre los 35 y 39 años	Mujeres	2015	85,91
entre los 35 y 39 años	Mujeres	2014	85,63
entre los 35 y 39 años	Mujeres	2013	85,56
entre los 35 y 39 años	Mujeres	2012	84,16
entre los 35 y 39 años	Mujeres	2011	82,66
entre los 35 y 39 años	Mujeres	2010	80,70
entre los 35 y 39 años	Mujeres	2009	79,06
entre los 35 y 39 años	Mujeres	2008	75,40
entre los 35 y 39 años	Mujeres	2007	74,45
entre los 35 y 39 años	Mujeres	2006	72,70
entre los 35 y 39 años	Mujeres	2005	71,03
entre los 35 y 39 años	Mujeres	2004	69,74
entre los 35 y 39 años	Mujeres	2003	67,61
entre los 35 y 39 años	Mujeres	2002	63,99
entre los 35 y 39 años	Mujeres	2001	63,34
entre los 35 y 39 años	Mujeres	2000	62,29
entre los 35 y 39 años	Mujeres	1999	60,56
entre los 35 y 39 años	Mujeres	1998	59,36
entre los 35 y 39 años	Mujeres	1997	59,48
entre los 35 y 39 años	Mujeres	1996	58,62
entre los 35 y 39 años	Mujeres	1995	56,64
entre los 35 y 39 años	Mujeres	1994	56,48
entre los 35 y 39 años	Mujeres	1993	53,43
entre los 35 y 39 años	Mujeres	1992	51,38
entre los 35 y 39 años	Mujeres	1991	49,09
entre los 35 y 39 años	Mujeres	1990	45,79
entre los 35 y 39 años	Mujeres	1989	42,12
entre los 35 y 39 años	Mujeres	1988	39,95
entre los 35 y 39 años	Mujeres	1987	34,50
entre los 35 y 39 años	Mujeres	1986	33,10
entre los 35 y 39 años	Mujeres	1985	31,60
entre los 35 y 39 años	Mujeres	1984	30,50
entre los 35 y 39 años	Mujeres	1983	29,68
entre los 35 y 39 años	Mujeres	1982	28,38
entre los 35 y 39 años	Mujeres	1981	28,63
entre los 35 y 39 años	Mujeres	1980	29,02
entre los 35 y 39 años	Mujeres	1979	27,22
entre los 35 y 39 años	Mujeres	1978	26,95
entre los 35 y 39 años	Mujeres	1977	27,21
entre los 40 y 44 años	Ambos sexos	2029	92,70
entre los 40 y 44 años	Ambos sexos	2028	92,70
entre los 40 y 44 años	Ambos sexos	2027	92,70
entre los 40 y 44 años	Ambos sexos	2026	92,70
entre los 40 y 44 años	Ambos sexos	2025	92,58
entre los 40 y 44 años	Ambos sexos	2024	92,45
entre los 40 y 44 años	Ambos sexos	2023	92,30
entre los 40 y 44 años	Ambos sexos	2022	92,15
entre los 40 y 44 años	Ambos sexos	2021	91,95
entre los 40 y 44 años	Ambos sexos	2020	91,78
entre los 40 y 44 años	Ambos sexos	2019	91,54
entre los 40 y 44 años	Ambos sexos	2018	91,27
entre los 40 y 44 años	Ambos sexos	2017	90,95
entre los 40 y 44 años	Ambos sexos	2016	90,56
entre los 40 y 44 años	Ambos sexos	2015	89,01
entre los 40 y 44 años	Ambos sexos	2014	88,28
entre los 40 y 44 años	Ambos sexos	2013	87,71
entre los 40 y 44 años	Ambos sexos	2012	87,31
entre los 40 y 44 años	Ambos sexos	2011	86,32
entre los 40 y 44 años	Ambos sexos	2010	85,99
entre los 40 y 44 años	Ambos sexos	2009	84,83
entre los 40 y 44 años	Ambos sexos	2008	83,56
entre los 40 y 44 años	Ambos sexos	2007	82,92
entre los 40 y 44 años	Ambos sexos	2006	81,56
entre los 40 y 44 años	Ambos sexos	2005	81,37
entre los 40 y 44 años	Ambos sexos	2004	80,80
entre los 40 y 44 años	Ambos sexos	2003	79,56
entre los 40 y 44 años	Ambos sexos	2002	77,81
entre los 40 y 44 años	Ambos sexos	2001	77,23
entre los 40 y 44 años	Ambos sexos	2000	76,79
entre los 40 y 44 años	Ambos sexos	1999	75,32
entre los 40 y 44 años	Ambos sexos	1998	75,11
entre los 40 y 44 años	Ambos sexos	1997	73,83
entre los 40 y 44 años	Ambos sexos	1996	73,19
entre los 40 y 44 años	Ambos sexos	1995	72,98
entre los 40 y 44 años	Ambos sexos	1994	70,76
entre los 40 y 44 años	Ambos sexos	1993	69,96
entre los 40 y 44 años	Ambos sexos	1992	69,17
entre los 40 y 44 años	Ambos sexos	1991	67,85
entre los 40 y 44 años	Ambos sexos	1990	67,13
entre los 40 y 44 años	Ambos sexos	1989	65,91
entre los 40 y 44 años	Ambos sexos	1988	65,45
entre los 40 y 44 años	Ambos sexos	1987	62,83
entre los 40 y 44 años	Ambos sexos	1986	62,55
entre los 40 y 44 años	Ambos sexos	1985	62,55
entre los 40 y 44 años	Ambos sexos	1984	62,54
entre los 40 y 44 años	Ambos sexos	1983	62,61
entre los 40 y 44 años	Ambos sexos	1982	62,00
entre los 40 y 44 años	Ambos sexos	1981	61,51
entre los 40 y 44 años	Ambos sexos	1980	62,28
entre los 40 y 44 años	Ambos sexos	1979	62,02
entre los 40 y 44 años	Ambos sexos	1978	62,41
entre los 40 y 44 años	Ambos sexos	1977	62,40
entre los 40 y 44 años	Varones	2029	93,62
entre los 40 y 44 años	Varones	2028	93,62
entre los 40 y 44 años	Varones	2027	93,61
entre los 40 y 44 años	Varones	2026	93,61
entre los 40 y 44 años	Varones	2025	93,62
entre los 40 y 44 años	Varones	2024	93,63
entre los 40 y 44 años	Varones	2023	93,64
entre los 40 y 44 años	Varones	2022	93,66
entre los 40 y 44 años	Varones	2021	93,68
entre los 40 y 44 años	Varones	2020	93,70
entre los 40 y 44 años	Varones	2019	93,73
entre los 40 y 44 años	Varones	2018	93,76
entre los 40 y 44 años	Varones	2017	93,77
entre los 40 y 44 años	Varones	2016	93,78
entre los 40 y 44 años	Varones	2015	94,43
entre los 40 y 44 años	Varones	2014	93,71
entre los 40 y 44 años	Varones	2013	93,45
entre los 40 y 44 años	Varones	2012	93,93
entre los 40 y 44 años	Varones	2011	94,06
entre los 40 y 44 años	Varones	2010	93,76
entre los 40 y 44 años	Varones	2009	93,45
entre los 40 y 44 años	Varones	2008	93,52
entre los 40 y 44 años	Varones	2007	93,35
entre los 40 y 44 años	Varones	2006	93,35
entre los 40 y 44 años	Varones	2005	93,89
entre los 40 y 44 años	Varones	2004	94,38
entre los 40 y 44 años	Varones	2003	94,31
entre los 40 y 44 años	Varones	2002	93,50
entre los 40 y 44 años	Varones	2001	93,69
entre los 40 y 44 años	Varones	2000	94,08
entre los 40 y 44 años	Varones	1999	93,72
entre los 40 y 44 años	Varones	1998	93,54
entre los 40 y 44 años	Varones	1997	93,31
entre los 40 y 44 años	Varones	1996	93,74
entre los 40 y 44 años	Varones	1995	93,87
entre los 40 y 44 años	Varones	1994	93,71
entre los 40 y 44 años	Varones	1993	94,18
entre los 40 y 44 años	Varones	1992	94,87
entre los 40 y 44 años	Varones	1991	95,36
entre los 40 y 44 años	Varones	1990	95,04
entre los 40 y 44 años	Varones	1989	95,11
entre los 40 y 44 años	Varones	1988	95,21
entre los 40 y 44 años	Varones	1987	95,28
entre los 40 y 44 años	Varones	1986	95,39
entre los 40 y 44 años	Varones	1985	95,12
entre los 40 y 44 años	Varones	1984	95,64
entre los 40 y 44 años	Varones	1983	95,68
entre los 40 y 44 años	Varones	1982	96,17
entre los 40 y 44 años	Varones	1981	96,41
entre los 40 y 44 años	Varones	1980	96,74
entre los 40 y 44 años	Varones	1979	96,88
entre los 40 y 44 años	Varones	1978	96,94
entre los 40 y 44 años	Varones	1977	97,00
entre los 40 y 44 años	Mujeres	2029	91,81
entre los 40 y 44 años	Mujeres	2028	91,81
entre los 40 y 44 años	Mujeres	2027	91,81
entre los 40 y 44 años	Mujeres	2026	91,80
entre los 40 y 44 años	Mujeres	2025	91,55
entre los 40 y 44 años	Mujeres	2024	91,29
entre los 40 y 44 años	Mujeres	2023	90,97
entre los 40 y 44 años	Mujeres	2022	90,64
entre los 40 y 44 años	Mujeres	2021	90,23
entre los 40 y 44 años	Mujeres	2020	89,85
entre los 40 y 44 años	Mujeres	2019	89,31
entre los 40 y 44 años	Mujeres	2018	88,73
entre los 40 y 44 años	Mujeres	2017	88,05
entre los 40 y 44 años	Mujeres	2016	87,24
entre los 40 y 44 años	Mujeres	2015	83,40
entre los 40 y 44 años	Mujeres	2014	82,65
entre los 40 y 44 años	Mujeres	2013	81,75
entre los 40 y 44 años	Mujeres	2012	80,43
entre los 40 y 44 años	Mujeres	2011	78,28
entre los 40 y 44 años	Mujeres	2010	77,95
entre los 40 y 44 años	Mujeres	2009	75,92
entre los 40 y 44 años	Mujeres	2008	73,30
entre los 40 y 44 años	Mujeres	2007	72,23
entre los 40 y 44 años	Mujeres	2006	69,55
entre los 40 y 44 años	Mujeres	2005	68,69
entre los 40 y 44 años	Mujeres	2004	67,13
entre los 40 y 44 años	Mujeres	2003	64,77
entre los 40 y 44 años	Mujeres	2002	62,16
entre los 40 y 44 años	Mujeres	2001	60,84
entre los 40 y 44 años	Mujeres	2000	59,60
entre los 40 y 44 años	Mujeres	1999	57,00
entre los 40 y 44 años	Mujeres	1998	56,75
entre los 40 y 44 años	Mujeres	1997	54,40
entre los 40 y 44 años	Mujeres	1996	52,67
entre los 40 y 44 años	Mujeres	1995	52,11
entre los 40 y 44 años	Mujeres	1994	47,82
entre los 40 y 44 años	Mujeres	1993	45,76
entre los 40 y 44 años	Mujeres	1992	43,54
entre los 40 y 44 años	Mujeres	1991	40,43
entre los 40 y 44 años	Mujeres	1990	39,30
entre los 40 y 44 años	Mujeres	1989	36,81
entre los 40 y 44 años	Mujeres	1988	35,77
entre los 40 y 44 años	Mujeres	1987	30,40
entre los 40 y 44 años	Mujeres	1986	29,70
entre los 40 y 44 años	Mujeres	1985	29,95
entre los 40 y 44 años	Mujeres	1984	29,41
entre los 40 y 44 años	Mujeres	1983	29,65
entre los 40 y 44 años	Mujeres	1982	28,11
entre los 40 y 44 años	Mujeres	1981	27,01
entre los 40 y 44 años	Mujeres	1980	28,26
entre los 40 y 44 años	Mujeres	1979	27,71
entre los 40 y 44 años	Mujeres	1978	28,45
entre los 40 y 44 años	Mujeres	1977	28,42
entre los 45 y 49 años	Ambos sexos	2029	90,05
entre los 45 y 49 años	Ambos sexos	2028	90,06
entre los 45 y 49 años	Ambos sexos	2027	90,08
entre los 45 y 49 años	Ambos sexos	2026	90,09
entre los 45 y 49 años	Ambos sexos	2025	89,97
entre los 45 y 49 años	Ambos sexos	2024	89,81
entre los 45 y 49 años	Ambos sexos	2023	89,65
entre los 45 y 49 años	Ambos sexos	2022	89,38
entre los 45 y 49 años	Ambos sexos	2021	89,11
entre los 45 y 49 años	Ambos sexos	2020	88,76
entre los 45 y 49 años	Ambos sexos	2019	88,43
entre los 45 y 49 años	Ambos sexos	2018	88,11
entre los 45 y 49 años	Ambos sexos	2017	87,66
entre los 45 y 49 años	Ambos sexos	2016	87,26
entre los 45 y 49 años	Ambos sexos	2015	85,81
entre los 45 y 49 años	Ambos sexos	2014	85,40
entre los 45 y 49 años	Ambos sexos	2013	85,65
entre los 45 y 49 años	Ambos sexos	2012	84,64
entre los 45 y 49 años	Ambos sexos	2011	83,76
entre los 45 y 49 años	Ambos sexos	2010	83,04
entre los 45 y 49 años	Ambos sexos	2009	82,21
entre los 45 y 49 años	Ambos sexos	2008	80,52
entre los 45 y 49 años	Ambos sexos	2007	79,66
entre los 45 y 49 años	Ambos sexos	2006	78,36
entre los 45 y 49 años	Ambos sexos	2005	76,91
entre los 45 y 49 años	Ambos sexos	2004	76,11
entre los 45 y 49 años	Ambos sexos	2003	75,43
entre los 45 y 49 años	Ambos sexos	2002	73,51
entre los 45 y 49 años	Ambos sexos	2001	72,42
entre los 45 y 49 años	Ambos sexos	2000	71,43
entre los 45 y 49 años	Ambos sexos	1999	69,81
entre los 45 y 49 años	Ambos sexos	1998	69,32
entre los 45 y 49 años	Ambos sexos	1997	68,84
entre los 45 y 49 años	Ambos sexos	1996	67,73
entre los 45 y 49 años	Ambos sexos	1995	66,69
entre los 45 y 49 años	Ambos sexos	1994	65,56
entre los 45 y 49 años	Ambos sexos	1993	64,37
entre los 45 y 49 años	Ambos sexos	1992	64,01
entre los 45 y 49 años	Ambos sexos	1991	63,60
entre los 45 y 49 años	Ambos sexos	1990	63,22
entre los 45 y 49 años	Ambos sexos	1989	62,89
entre los 45 y 49 años	Ambos sexos	1988	63,02
entre los 45 y 49 años	Ambos sexos	1987	60,53
entre los 45 y 49 años	Ambos sexos	1986	59,69
entre los 45 y 49 años	Ambos sexos	1985	59,24
entre los 45 y 49 años	Ambos sexos	1984	60,00
entre los 45 y 49 años	Ambos sexos	1983	60,28
entre los 45 y 49 años	Ambos sexos	1982	60,50
entre los 45 y 49 años	Ambos sexos	1981	60,94
entre los 45 y 49 años	Ambos sexos	1980	60,95
entre los 45 y 49 años	Ambos sexos	1979	61,47
entre los 45 y 49 años	Ambos sexos	1978	61,53
entre los 45 y 49 años	Ambos sexos	1977	61,89
entre los 45 y 49 años	Varones	2029	91,79
entre los 45 y 49 años	Varones	2028	91,80
entre los 45 y 49 años	Varones	2027	91,81
entre los 45 y 49 años	Varones	2026	91,82
entre los 45 y 49 años	Varones	2025	91,85
entre los 45 y 49 años	Varones	2024	91,88
entre los 45 y 49 años	Varones	2023	91,93
entre los 45 y 49 años	Varones	2022	91,92
entre los 45 y 49 años	Varones	2021	91,92
entre los 45 y 49 años	Varones	2020	91,97
entre los 45 y 49 años	Varones	2019	91,96
entre los 45 y 49 años	Varones	2018	92,02
entre los 45 y 49 años	Varones	2017	92,00
entre los 45 y 49 años	Varones	2016	92,06
entre los 45 y 49 años	Varones	2015	92,37
entre los 45 y 49 años	Varones	2014	91,99
entre los 45 y 49 años	Varones	2013	92,08
entre los 45 y 49 años	Varones	2012	92,14
entre los 45 y 49 años	Varones	2011	91,61
entre los 45 y 49 años	Varones	2010	91,94
entre los 45 y 49 años	Varones	2009	92,28
entre los 45 y 49 años	Varones	2008	91,99
entre los 45 y 49 años	Varones	2007	92,45
entre los 45 y 49 años	Varones	2006	92,43
entre los 45 y 49 años	Varones	2005	91,33
entre los 45 y 49 años	Varones	2004	91,59
entre los 45 y 49 años	Varones	2003	91,54
entre los 45 y 49 años	Varones	2002	91,55
entre los 45 y 49 años	Varones	2001	92,18
entre los 45 y 49 años	Varones	2000	92,44
entre los 45 y 49 años	Varones	1999	91,76
entre los 45 y 49 años	Varones	1998	91,49
entre los 45 y 49 años	Varones	1997	91,87
entre los 45 y 49 años	Varones	1996	92,23
entre los 45 y 49 años	Varones	1995	91,99
entre los 45 y 49 años	Varones	1994	92,26
entre los 45 y 49 años	Varones	1993	91,99
entre los 45 y 49 años	Varones	1992	92,38
entre los 45 y 49 años	Varones	1991	93,15
entre los 45 y 49 años	Varones	1990	93,79
entre los 45 y 49 años	Varones	1989	93,39
entre los 45 y 49 años	Varones	1988	93,48
entre los 45 y 49 años	Varones	1987	93,12
entre los 45 y 49 años	Varones	1986	93,31
entre los 45 y 49 años	Varones	1985	92,70
entre los 45 y 49 años	Varones	1984	92,97
entre los 45 y 49 años	Varones	1983	93,90
entre los 45 y 49 años	Varones	1982	94,18
entre los 45 y 49 años	Varones	1981	94,65
entre los 45 y 49 años	Varones	1980	94,96
entre los 45 y 49 años	Varones	1979	95,61
entre los 45 y 49 años	Varones	1978	95,93
entre los 45 y 49 años	Varones	1977	95,84
entre los 45 y 49 años	Mujeres	2029	88,35
entre los 45 y 49 años	Mujeres	2028	88,37
entre los 45 y 49 años	Mujeres	2027	88,38
entre los 45 y 49 años	Mujeres	2026	88,39
entre los 45 y 49 años	Mujeres	2025	88,10
entre los 45 y 49 años	Mujeres	2024	87,74
entre los 45 y 49 años	Mujeres	2023	87,35
entre los 45 y 49 años	Mujeres	2022	86,82
entre los 45 y 49 años	Mujeres	2021	86,28
entre los 45 y 49 años	Mujeres	2020	85,52
entre los 45 y 49 años	Mujeres	2019	84,86
entre los 45 y 49 años	Mujeres	2018	84,15
entre los 45 y 49 años	Mujeres	2017	83,27
entre los 45 y 49 años	Mujeres	2016	82,40
entre los 45 y 49 años	Mujeres	2015	79,16
entre los 45 y 49 años	Mujeres	2014	78,73
entre los 45 y 49 años	Mujeres	2013	79,13
entre los 45 y 49 años	Mujeres	2012	77,05
entre los 45 y 49 años	Mujeres	2011	75,80
entre los 45 y 49 años	Mujeres	2010	74,06
entre los 45 y 49 años	Mujeres	2009	72,07
entre los 45 y 49 años	Mujeres	2008	68,98
entre los 45 y 49 años	Mujeres	2007	66,87
entre los 45 y 49 años	Mujeres	2006	64,32
entre los 45 y 49 años	Mujeres	2005	62,55
entre los 45 y 49 años	Mujeres	2004	60,75
entre los 45 y 49 años	Mujeres	2003	59,48
entre los 45 y 49 años	Mujeres	2002	55,62
entre los 45 y 49 años	Mujeres	2001	52,80
entre los 45 y 49 años	Mujeres	2000	50,55
entre los 45 y 49 años	Mujeres	1999	48,00
entre los 45 y 49 años	Mujeres	1998	47,28
entre los 45 y 49 años	Mujeres	1997	46,00
entre los 45 y 49 años	Mujeres	1996	43,51
entre los 45 y 49 años	Mujeres	1995	41,71
entre los 45 y 49 años	Mujeres	1994	39,23
entre los 45 y 49 años	Mujeres	1993	37,11
entre los 45 y 49 años	Mujeres	1992	35,99
entre los 45 y 49 años	Mujeres	1991	34,33
entre los 45 y 49 años	Mujeres	1990	32,91
entre los 45 y 49 años	Mujeres	1989	32,67
entre los 45 y 49 años	Mujeres	1988	32,94
entre los 45 y 49 años	Mujeres	1987	28,49
entre los 45 y 49 años	Mujeres	1986	26,79
entre los 45 y 49 años	Mujeres	1985	26,58
entre los 45 y 49 años	Mujeres	1984	27,88
entre los 45 y 49 años	Mujeres	1983	27,50
entre los 45 y 49 años	Mujeres	1982	27,58
entre los 45 y 49 años	Mujeres	1981	27,91
entre los 45 y 49 años	Mujeres	1980	27,57
entre los 45 y 49 años	Mujeres	1979	27,97
entre los 45 y 49 años	Mujeres	1978	27,84
entre los 45 y 49 años	Mujeres	1977	28,73
entre los 50 y 54 años	Ambos sexos	2029	85,90
entre los 50 y 54 años	Ambos sexos	2028	85,91
entre los 50 y 54 años	Ambos sexos	2027	85,91
entre los 50 y 54 años	Ambos sexos	2026	85,90
entre los 50 y 54 años	Ambos sexos	2025	85,73
entre los 50 y 54 años	Ambos sexos	2024	85,52
entre los 50 y 54 años	Ambos sexos	2023	85,29
entre los 50 y 54 años	Ambos sexos	2022	85,01
entre los 50 y 54 años	Ambos sexos	2021	84,67
entre los 50 y 54 años	Ambos sexos	2020	84,29
entre los 50 y 54 años	Ambos sexos	2019	83,84
entre los 50 y 54 años	Ambos sexos	2018	83,33
entre los 50 y 54 años	Ambos sexos	2017	82,73
entre los 50 y 54 años	Ambos sexos	2016	82,04
entre los 50 y 54 años	Ambos sexos	2015	81,18
entre los 50 y 54 años	Ambos sexos	2014	80,42
entre los 50 y 54 años	Ambos sexos	2013	79,76
entre los 50 y 54 años	Ambos sexos	2012	78,93
entre los 50 y 54 años	Ambos sexos	2011	77,89
entre los 50 y 54 años	Ambos sexos	2010	76,31
entre los 50 y 54 años	Ambos sexos	2009	74,67
entre los 50 y 54 años	Ambos sexos	2008	73,96
entre los 50 y 54 años	Ambos sexos	2007	72,08
entre los 50 y 54 años	Ambos sexos	2006	70,47
entre los 50 y 54 años	Ambos sexos	2005	69,55
entre los 50 y 54 años	Ambos sexos	2004	67,82
entre los 50 y 54 años	Ambos sexos	2003	66,03
entre los 50 y 54 años	Ambos sexos	2002	64,77
entre los 50 y 54 años	Ambos sexos	2001	63,80
entre los 50 y 54 años	Ambos sexos	2000	62,91
entre los 50 y 54 años	Ambos sexos	1999	62,16
entre los 50 y 54 años	Ambos sexos	1998	61,66
entre los 50 y 54 años	Ambos sexos	1997	61,10
entre los 50 y 54 años	Ambos sexos	1996	60,08
entre los 50 y 54 años	Ambos sexos	1995	59,37
entre los 50 y 54 años	Ambos sexos	1994	59,02
entre los 50 y 54 años	Ambos sexos	1993	58,74
entre los 50 y 54 años	Ambos sexos	1992	58,86
entre los 50 y 54 años	Ambos sexos	1991	58,42
entre los 50 y 54 años	Ambos sexos	1990	57,58
entre los 50 y 54 años	Ambos sexos	1989	56,91
entre los 50 y 54 años	Ambos sexos	1988	57,04
entre los 50 y 54 años	Ambos sexos	1987	56,53
entre los 50 y 54 años	Ambos sexos	1986	56,02
entre los 50 y 54 años	Ambos sexos	1985	56,24
entre los 50 y 54 años	Ambos sexos	1984	56,88
entre los 50 y 54 años	Ambos sexos	1983	57,30
entre los 50 y 54 años	Ambos sexos	1982	57,43
entre los 50 y 54 años	Ambos sexos	1981	57,27
entre los 50 y 54 años	Ambos sexos	1980	58,25
entre los 50 y 54 años	Ambos sexos	1979	58,53
entre los 50 y 54 años	Ambos sexos	1978	59,35
entre los 50 y 54 años	Ambos sexos	1977	59,54
entre los 50 y 54 años	Varones	2029	86,99
entre los 50 y 54 años	Varones	2028	87,00
entre los 50 y 54 años	Varones	2027	87,01
entre los 50 y 54 años	Varones	2026	87,01
entre los 50 y 54 años	Varones	2025	87,02
entre los 50 y 54 años	Varones	2024	87,02
entre los 50 y 54 años	Varones	2023	87,03
entre los 50 y 54 años	Varones	2022	87,04
entre los 50 y 54 años	Varones	2021	87,05
entre los 50 y 54 años	Varones	2020	87,07
entre los 50 y 54 años	Varones	2019	87,07
entre los 50 y 54 años	Varones	2018	87,10
entre los 50 y 54 años	Varones	2017	87,15
entre los 50 y 54 años	Varones	2016	87,17
entre los 50 y 54 años	Varones	2015	88,99
entre los 50 y 54 años	Varones	2014	88,79
entre los 50 y 54 años	Varones	2013	88,60
entre los 50 y 54 años	Varones	2012	88,61
entre los 50 y 54 años	Varones	2011	88,37
entre los 50 y 54 años	Varones	2010	87,98
entre los 50 y 54 años	Varones	2009	88,04
entre los 50 y 54 años	Varones	2008	88,37
entre los 50 y 54 años	Varones	2007	88,15
entre los 50 y 54 años	Varones	2006	87,87
entre los 50 y 54 años	Varones	2005	88,06
entre los 50 y 54 años	Varones	2004	87,80
entre los 50 y 54 años	Varones	2003	87,35
entre los 50 y 54 años	Varones	2002	87,21
entre los 50 y 54 años	Varones	2001	87,64
entre los 50 y 54 años	Varones	2000	87,85
entre los 50 y 54 años	Varones	1999	87,57
entre los 50 y 54 años	Varones	1998	87,13
entre los 50 y 54 años	Varones	1997	87,19
entre los 50 y 54 años	Varones	1996	86,88
entre los 50 y 54 años	Varones	1995	86,74
entre los 50 y 54 años	Varones	1994	87,58
entre los 50 y 54 años	Varones	1993	87,29
entre los 50 y 54 años	Varones	1992	87,71
entre los 50 y 54 años	Varones	1991	88,64
entre los 50 y 54 años	Varones	1990	88,38
entre los 50 y 54 años	Varones	1989	87,88
entre los 50 y 54 años	Varones	1988	87,94
entre los 50 y 54 años	Varones	1987	88,35
entre los 50 y 54 años	Varones	1986	88,39
entre los 50 y 54 años	Varones	1985	88,89
entre los 50 y 54 años	Varones	1984	89,34
entre los 50 y 54 años	Varones	1983	89,86
entre los 50 y 54 años	Varones	1982	90,61
entre los 50 y 54 años	Varones	1981	90,22
entre los 50 y 54 años	Varones	1980	91,25
entre los 50 y 54 años	Varones	1979	91,92
entre los 50 y 54 años	Varones	1978	92,57
entre los 50 y 54 años	Varones	1977	92,99
entre los 50 y 54 años	Mujeres	2029	84,82
entre los 50 y 54 años	Mujeres	2028	84,82
entre los 50 y 54 años	Mujeres	2027	84,81
entre los 50 y 54 años	Mujeres	2026	84,80
entre los 50 y 54 años	Mujeres	2025	84,45
entre los 50 y 54 años	Mujeres	2024	84,04
entre los 50 y 54 años	Mujeres	2023	83,56
entre los 50 y 54 años	Mujeres	2022	82,99
entre los 50 y 54 años	Mujeres	2021	82,32
entre los 50 y 54 años	Mujeres	2020	81,54
entre los 50 y 54 años	Mujeres	2019	80,63
entre los 50 y 54 años	Mujeres	2018	79,59
entre los 50 y 54 años	Mujeres	2017	78,36
entre los 50 y 54 años	Mujeres	2016	76,97
entre los 50 y 54 años	Mujeres	2015	73,46
entre los 50 y 54 años	Mujeres	2014	72,15
entre los 50 y 54 años	Mujeres	2013	71,01
entre los 50 y 54 años	Mujeres	2012	69,35
entre los 50 y 54 años	Mujeres	2011	67,54
entre los 50 y 54 años	Mujeres	2010	64,78
entre los 50 y 54 años	Mujeres	2009	61,49
entre los 50 y 54 años	Mujeres	2008	59,75
entre los 50 y 54 años	Mujeres	2007	56,24
entre los 50 y 54 años	Mujeres	2006	53,34
entre los 50 y 54 años	Mujeres	2005	51,35
entre los 50 y 54 años	Mujeres	2004	48,18
entre los 50 y 54 años	Mujeres	2003	45,13
entre los 50 y 54 años	Mujeres	2002	42,77
entre los 50 y 54 años	Mujeres	2001	40,45
entre los 50 y 54 años	Mujeres	2000	38,50
entre los 50 y 54 años	Mujeres	1999	37,29
entre los 50 y 54 años	Mujeres	1998	36,75
entre los 50 y 54 años	Mujeres	1997	35,59
entre los 50 y 54 años	Mujeres	1996	33,93
entre los 50 y 54 años	Mujeres	1995	32,68
entre los 50 y 54 años	Mujeres	1994	31,19
entre los 50 y 54 años	Mujeres	1993	31,03
entre los 50 y 54 años	Mujeres	1992	30,99
entre los 50 y 54 años	Mujeres	1991	29,33
entre los 50 y 54 años	Mujeres	1990	27,98
entre los 50 y 54 años	Mujeres	1989	27,19
entre los 50 y 54 años	Mujeres	1988	27,32
entre los 50 y 54 años	Mujeres	1987	25,86
entre los 50 y 54 años	Mujeres	1986	24,74
entre los 50 y 54 años	Mujeres	1985	24,64
entre los 50 y 54 años	Mujeres	1984	25,45
entre los 50 y 54 años	Mujeres	1983	25,80
entre los 50 y 54 años	Mujeres	1982	25,37
entre los 50 y 54 años	Mujeres	1981	25,51
entre los 50 y 54 años	Mujeres	1980	26,46
entre los 50 y 54 años	Mujeres	1979	26,39
entre los 50 y 54 años	Mujeres	1978	27,42
entre los 50 y 54 años	Mujeres	1977	27,47
entre los 55 y 59 años	Ambos sexos	2029	74,17
entre los 55 y 59 años	Ambos sexos	2028	74,14
entre los 55 y 59 años	Ambos sexos	2027	74,12
entre los 55 y 59 años	Ambos sexos	2026	74,10
entre los 55 y 59 años	Ambos sexos	2025	73,98
entre los 55 y 59 años	Ambos sexos	2024	73,83
entre los 55 y 59 años	Ambos sexos	2023	73,65
entre los 55 y 59 años	Ambos sexos	2022	73,40
entre los 55 y 59 años	Ambos sexos	2021	73,13
entre los 55 y 59 años	Ambos sexos	2020	72,77
entre los 55 y 59 años	Ambos sexos	2019	72,29
entre los 55 y 59 años	Ambos sexos	2018	71,74
entre los 55 y 59 años	Ambos sexos	2017	71,13
entre los 55 y 59 años	Ambos sexos	2016	70,40
entre los 55 y 59 años	Ambos sexos	2015	69,66
entre los 55 y 59 años	Ambos sexos	2014	68,43
entre los 55 y 59 años	Ambos sexos	2013	68,15
entre los 55 y 59 años	Ambos sexos	2012	66,65
entre los 55 y 59 años	Ambos sexos	2011	64,90
entre los 55 y 59 años	Ambos sexos	2010	62,99
entre los 55 y 59 años	Ambos sexos	2009	62,05
entre los 55 y 59 años	Ambos sexos	2008	59,78
entre los 55 y 59 años	Ambos sexos	2007	58,04
entre los 55 y 59 años	Ambos sexos	2006	56,89
entre los 55 y 59 años	Ambos sexos	2005	55,14
entre los 55 y 59 años	Ambos sexos	2004	53,57
entre los 55 y 59 años	Ambos sexos	2003	52,58
entre los 55 y 59 años	Ambos sexos	2002	51,93
entre los 55 y 59 años	Ambos sexos	2001	51,07
entre los 55 y 59 años	Ambos sexos	2000	49,92
entre los 55 y 59 años	Ambos sexos	1999	50,04
entre los 55 y 59 años	Ambos sexos	1998	49,45
entre los 55 y 59 años	Ambos sexos	1997	47,94
entre los 55 y 59 años	Ambos sexos	1996	46,97
entre los 55 y 59 años	Ambos sexos	1995	46,27
entre los 55 y 59 años	Ambos sexos	1994	46,64
entre los 55 y 59 años	Ambos sexos	1993	48,01
entre los 55 y 59 años	Ambos sexos	1992	48,37
entre los 55 y 59 años	Ambos sexos	1991	48,20
entre los 55 y 59 años	Ambos sexos	1990	48,77
entre los 55 y 59 años	Ambos sexos	1989	48,34
entre los 55 y 59 años	Ambos sexos	1988	48,00
entre los 55 y 59 años	Ambos sexos	1987	48,76
entre los 55 y 59 años	Ambos sexos	1986	49,63
entre los 55 y 59 años	Ambos sexos	1985	49,76
entre los 55 y 59 años	Ambos sexos	1984	50,25
entre los 55 y 59 años	Ambos sexos	1983	51,42
entre los 55 y 59 años	Ambos sexos	1982	51,82
entre los 55 y 59 años	Ambos sexos	1981	53,01
entre los 55 y 59 años	Ambos sexos	1980	53,37
entre los 55 y 59 años	Ambos sexos	1979	54,52
entre los 55 y 59 años	Ambos sexos	1978	54,81
entre los 55 y 59 años	Ambos sexos	1977	54,08
entre los 55 y 59 años	Varones	2029	76,44
entre los 55 y 59 años	Varones	2028	76,42
entre los 55 y 59 años	Varones	2027	76,40
entre los 55 y 59 años	Varones	2026	76,39
entre los 55 y 59 años	Varones	2025	76,39
entre los 55 y 59 años	Varones	2024	76,35
entre los 55 y 59 años	Varones	2023	76,36
entre los 55 y 59 años	Varones	2022	76,32
entre los 55 y 59 años	Varones	2021	76,33
entre los 55 y 59 años	Varones	2020	76,29
entre los 55 y 59 años	Varones	2019	76,32
entre los 55 y 59 años	Varones	2018	76,35
entre los 55 y 59 años	Varones	2017	76,40
entre los 55 y 59 años	Varones	2016	76,51
entre los 55 y 59 años	Varones	2015	79,95
entre los 55 y 59 años	Varones	2014	79,09
entre los 55 y 59 años	Varones	2013	79,57
entre los 55 y 59 años	Varones	2012	79,07
entre los 55 y 59 años	Varones	2011	79,27
entre los 55 y 59 años	Varones	2010	78,31
entre los 55 y 59 años	Varones	2009	78,38
entre los 55 y 59 años	Varones	2008	77,38
entre los 55 y 59 años	Varones	2007	76,08
entre los 55 y 59 años	Varones	2006	75,61
entre los 55 y 59 años	Varones	2005	74,89
entre los 55 y 59 años	Varones	2004	74,62
entre los 55 y 59 años	Varones	2003	74,57
entre los 55 y 59 años	Varones	2002	74,17
entre los 55 y 59 años	Varones	2001	74,43
entre los 55 y 59 años	Varones	2000	73,96
entre los 55 y 59 años	Varones	1999	74,25
entre los 55 y 59 años	Varones	1998	73,76
entre los 55 y 59 años	Varones	1997	71,75
entre los 55 y 59 años	Varones	1996	70,48
entre los 55 y 59 años	Varones	1995	70,34
entre los 55 y 59 años	Varones	1994	71,67
entre los 55 y 59 años	Varones	1993	73,38
entre los 55 y 59 años	Varones	1992	75,28
entre los 55 y 59 años	Varones	1991	75,88
entre los 55 y 59 años	Varones	1990	75,62
entre los 55 y 59 años	Varones	1989	75,01
entre los 55 y 59 años	Varones	1988	74,96
entre los 55 y 59 años	Varones	1987	77,53
entre los 55 y 59 años	Varones	1986	77,93
entre los 55 y 59 años	Varones	1985	78,35
entre los 55 y 59 años	Varones	1984	80,04
entre los 55 y 59 años	Varones	1983	82,27
entre los 55 y 59 años	Varones	1982	83,63
entre los 55 y 59 años	Varones	1981	84,39
entre los 55 y 59 años	Varones	1980	84,86
entre los 55 y 59 años	Varones	1979	86,61
entre los 55 y 59 años	Varones	1978	87,43
entre los 55 y 59 años	Varones	1977	87,18
entre los 55 y 59 años	Mujeres	2029	71,95
entre los 55 y 59 años	Mujeres	2028	71,91
entre los 55 y 59 años	Mujeres	2027	71,89
entre los 55 y 59 años	Mujeres	2026	71,86
entre los 55 y 59 años	Mujeres	2025	71,63
entre los 55 y 59 años	Mujeres	2024	71,37
entre los 55 y 59 años	Mujeres	2023	71,02
entre los 55 y 59 años	Mujeres	2022	70,58
entre los 55 y 59 años	Mujeres	2021	70,04
entre los 55 y 59 años	Mujeres	2020	69,37
entre los 55 y 59 años	Mujeres	2019	68,39
entre los 55 y 59 años	Mujeres	2018	67,28
entre los 55 y 59 años	Mujeres	2017	66,03
entre los 55 y 59 años	Mujeres	2016	64,49
entre los 55 y 59 años	Mujeres	2015	59,71
entre los 55 y 59 años	Mujeres	2014	58,13
entre los 55 y 59 años	Mujeres	2013	57,11
entre los 55 y 59 años	Mujeres	2012	54,61
entre los 55 y 59 años	Mujeres	2011	50,98
entre los 55 y 59 años	Mujeres	2010	48,17
entre los 55 y 59 años	Mujeres	2009	46,24
entre los 55 y 59 años	Mujeres	2008	42,78
entre los 55 y 59 años	Mujeres	2007	40,67
entre los 55 y 59 años	Mujeres	2006	38,93
entre los 55 y 59 años	Mujeres	2005	36,24
entre los 55 y 59 años	Mujeres	2004	33,44
entre los 55 y 59 años	Mujeres	2003	31,53
entre los 55 y 59 años	Mujeres	2002	30,61
entre los 55 y 59 años	Mujeres	2001	28,60
entre los 55 y 59 años	Mujeres	2000	26,80
entre los 55 y 59 años	Mujeres	1999	26,77
entre los 55 y 59 años	Mujeres	1998	26,19
entre los 55 y 59 años	Mujeres	1997	25,30
entre los 55 y 59 años	Mujeres	1996	24,83
entre los 55 y 59 años	Mujeres	1995	23,70
entre los 55 y 59 años	Mujeres	1994	23,21
entre los 55 y 59 años	Mujeres	1993	24,21
entre los 55 y 59 años	Mujeres	1992	23,05
entre los 55 y 59 años	Mujeres	1991	22,09
entre los 55 y 59 años	Mujeres	1990	23,39
entre los 55 y 59 años	Mujeres	1989	23,12
entre los 55 y 59 años	Mujeres	1988	22,52
entre los 55 y 59 años	Mujeres	1987	21,60
entre los 55 y 59 años	Mujeres	1986	22,95
entre los 55 y 59 años	Mujeres	1985	22,84
entre los 55 y 59 años	Mujeres	1984	22,24
entre los 55 y 59 años	Mujeres	1983	22,45
entre los 55 y 59 años	Mujeres	1982	21,99
entre los 55 y 59 años	Mujeres	1981	23,68
entre los 55 y 59 años	Mujeres	1980	24,20
entre los 55 y 59 años	Mujeres	1979	25,10
entre los 55 y 59 años	Mujeres	1978	25,36
entre los 55 y 59 años	Mujeres	1977	24,69
entre los 60 y 64 años	Ambos sexos	2029	39,72
entre los 60 y 64 años	Ambos sexos	2028	39,70
entre los 60 y 64 años	Ambos sexos	2027	39,67
entre los 60 y 64 años	Ambos sexos	2026	39,64
entre los 60 y 64 años	Ambos sexos	2025	39,58
entre los 60 y 64 años	Ambos sexos	2024	39,49
entre los 60 y 64 años	Ambos sexos	2023	39,37
entre los 60 y 64 años	Ambos sexos	2022	39,29
entre los 60 y 64 años	Ambos sexos	2021	39,16
entre los 60 y 64 años	Ambos sexos	2020	39,01
entre los 60 y 64 años	Ambos sexos	2019	38,82
entre los 60 y 64 años	Ambos sexos	2018	38,53
entre los 60 y 64 años	Ambos sexos	2017	38,32
entre los 60 y 64 años	Ambos sexos	2016	37,98
entre los 60 y 64 años	Ambos sexos	2015	40,89
entre los 60 y 64 años	Ambos sexos	2014	38,70
entre los 60 y 64 años	Ambos sexos	2013	37,49
entre los 60 y 64 años	Ambos sexos	2012	38,04
entre los 60 y 64 años	Ambos sexos	2011	37,15
entre los 60 y 64 años	Ambos sexos	2010	36,30
entre los 60 y 64 años	Ambos sexos	2009	36,83
entre los 60 y 64 años	Ambos sexos	2008	35,49
entre los 60 y 64 años	Ambos sexos	2007	34,51
entre los 60 y 64 años	Ambos sexos	2006	34,78
entre los 60 y 64 años	Ambos sexos	2005	33,63
entre los 60 y 64 años	Ambos sexos	2004	32,95
entre los 60 y 64 años	Ambos sexos	2003	32,14
entre los 60 y 64 años	Ambos sexos	2002	31,06
entre los 60 y 64 años	Ambos sexos	2001	30,08
entre los 60 y 64 años	Ambos sexos	2000	27,58
entre los 60 y 64 años	Ambos sexos	1999	26,97
entre los 60 y 64 años	Ambos sexos	1998	27,95
entre los 60 y 64 años	Ambos sexos	1997	27,95
entre los 60 y 64 años	Ambos sexos	1996	27,27
entre los 60 y 64 años	Ambos sexos	1995	27,18
entre los 60 y 64 años	Ambos sexos	1994	28,91
entre los 60 y 64 años	Ambos sexos	1993	30,30
entre los 60 y 64 años	Ambos sexos	1992	30,27
entre los 60 y 64 años	Ambos sexos	1991	30,10
entre los 60 y 64 años	Ambos sexos	1990	30,88
entre los 60 y 64 años	Ambos sexos	1989	30,85
entre los 60 y 64 años	Ambos sexos	1988	31,32
entre los 60 y 64 años	Ambos sexos	1987	31,96
entre los 60 y 64 años	Ambos sexos	1986	33,15
entre los 60 y 64 años	Ambos sexos	1985	34,76
entre los 60 y 64 años	Ambos sexos	1984	36,34
entre los 60 y 64 años	Ambos sexos	1983	36,97
entre los 60 y 64 años	Ambos sexos	1982	38,15
entre los 60 y 64 años	Ambos sexos	1981	38,15
entre los 60 y 64 años	Ambos sexos	1980	39,17
entre los 60 y 64 años	Ambos sexos	1979	41,00
entre los 60 y 64 años	Ambos sexos	1978	42,10
entre los 60 y 64 años	Ambos sexos	1977	43,52
entre los 60 y 64 años	Varones	2029	43,59
entre los 60 y 64 años	Varones	2028	43,57
entre los 60 y 64 años	Varones	2027	43,55
entre los 60 y 64 años	Varones	2026	43,52
entre los 60 y 64 años	Varones	2025	43,58
entre los 60 y 64 años	Varones	2024	43,60
entre los 60 y 64 años	Varones	2023	43,58
entre los 60 y 64 años	Varones	2022	43,65
entre los 60 y 64 años	Varones	2021	43,72
entre los 60 y 64 años	Varones	2020	43,79
entre los 60 y 64 años	Varones	2019	43,90
entre los 60 y 64 años	Varones	2018	43,90
entre los 60 y 64 años	Varones	2017	44,16
entre los 60 y 64 años	Varones	2016	44,28
entre los 60 y 64 años	Varones	2015	48,10
entre los 60 y 64 años	Varones	2014	45,36
entre los 60 y 64 años	Varones	2013	44,80
entre los 60 y 64 años	Varones	2012	46,16
entre los 60 y 64 años	Varones	2011	46,60
entre los 60 y 64 años	Varones	2010	46,78
entre los 60 y 64 años	Varones	2009	49,73
entre los 60 y 64 años	Varones	2008	48,80
entre los 60 y 64 años	Varones	2007	47,54
entre los 60 y 64 años	Varones	2006	49,12
entre los 60 y 64 años	Varones	2005	48,23
entre los 60 y 64 años	Varones	2004	47,58
entre los 60 y 64 años	Varones	2003	47,79
entre los 60 y 64 años	Varones	2002	46,23
entre los 60 y 64 años	Varones	2001	44,34
entre los 60 y 64 años	Varones	2000	40,72
entre los 60 y 64 años	Varones	1999	39,69
entre los 60 y 64 años	Varones	1998	41,34
entre los 60 y 64 años	Varones	1997	41,78
entre los 60 y 64 años	Varones	1996	40,83
entre los 60 y 64 años	Varones	1995	40,47
entre los 60 y 64 años	Varones	1994	43,20
entre los 60 y 64 años	Varones	1993	45,72
entre los 60 y 64 años	Varones	1992	45,92
entre los 60 y 64 años	Varones	1991	46,01
entre los 60 y 64 años	Varones	1990	47,79
entre los 60 y 64 años	Varones	1989	47,28
entre los 60 y 64 años	Varones	1988	47,99
entre los 60 y 64 años	Varones	1987	50,34
entre los 60 y 64 años	Varones	1986	52,39
entre los 60 y 64 años	Varones	1985	55,73
entre los 60 y 64 años	Varones	1984	58,13
entre los 60 y 64 años	Varones	1983	59,59
entre los 60 y 64 años	Varones	1982	62,50
entre los 60 y 64 años	Varones	1981	63,41
entre los 60 y 64 años	Varones	1980	65,04
entre los 60 y 64 años	Varones	1979	67,83
entre los 60 y 64 años	Varones	1978	68,86
entre los 60 y 64 años	Varones	1977	71,18
entre los 60 y 64 años	Mujeres	2029	36,05
entre los 60 y 64 años	Mujeres	2028	36,03
entre los 60 y 64 años	Mujeres	2027	35,99
entre los 60 y 64 años	Mujeres	2026	35,96
entre los 60 y 64 años	Mujeres	2025	35,80
entre los 60 y 64 años	Mujeres	2024	35,61
entre los 60 y 64 años	Mujeres	2023	35,41
entre los 60 y 64 años	Mujeres	2022	35,18
entre los 60 y 64 años	Mujeres	2021	34,87
entre los 60 y 64 años	Mujeres	2020	34,50
entre los 60 y 64 años	Mujeres	2019	34,03
entre los 60 y 64 años	Mujeres	2018	33,47
entre los 60 y 64 años	Mujeres	2017	32,82
entre los 60 y 64 años	Mujeres	2016	32,04
entre los 60 y 64 años	Mujeres	2015	34,08
entre los 60 y 64 años	Mujeres	2014	32,41
entre los 60 y 64 años	Mujeres	2013	30,60
entre los 60 y 64 años	Mujeres	2012	30,40
entre los 60 y 64 años	Mujeres	2011	28,30
entre los 60 y 64 años	Mujeres	2010	26,50
entre los 60 y 64 años	Mujeres	2009	24,78
entre los 60 y 64 años	Mujeres	2008	23,07
entre los 60 y 64 años	Mujeres	2007	22,35
entre los 60 y 64 años	Mujeres	2006	21,35
entre los 60 y 64 años	Mujeres	2005	19,97
entre los 60 y 64 años	Mujeres	2004	19,31
entre los 60 y 64 años	Mujeres	2003	17,63
entre los 60 y 64 años	Mujeres	2002	17,02
entre los 60 y 64 años	Mujeres	2001	16,95
entre los 60 y 64 años	Mujeres	2000	15,52
entre los 60 y 64 años	Mujeres	1999	15,33
entre los 60 y 64 años	Mujeres	1998	15,70
entre los 60 y 64 años	Mujeres	1997	15,31
entre los 60 y 64 años	Mujeres	1996	14,92
entre los 60 y 64 años	Mujeres	1995	15,08
entre los 60 y 64 años	Mujeres	1994	15,87
entre los 60 y 64 años	Mujeres	1993	16,23
entre los 60 y 64 años	Mujeres	1992	16,01
entre los 60 y 64 años	Mujeres	1991	15,60
entre los 60 y 64 años	Mujeres	1990	15,51
entre los 60 y 64 años	Mujeres	1989	15,96
entre los 60 y 64 años	Mujeres	1988	16,22
entre los 60 y 64 años	Mujeres	1987	15,35
entre los 60 y 64 años	Mujeres	1986	15,82
entre los 60 y 64 años	Mujeres	1985	16,02
entre los 60 y 64 años	Mujeres	1984	17,08
entre los 60 y 64 años	Mujeres	1983	17,29
entre los 60 y 64 años	Mujeres	1982	17,36
entre los 60 y 64 años	Mujeres	1981	17,00
entre los 60 y 64 años	Mujeres	1980	17,76
entre los 60 y 64 años	Mujeres	1979	18,95
entre los 60 y 64 años	Mujeres	1978	20,13
entre los 60 y 64 años	Mujeres	1977	20,81
entre los 65 y 69 años	Ambos sexos	2029	4,28
entre los 65 y 69 años	Ambos sexos	2028	4,27
entre los 65 y 69 años	Ambos sexos	2027	4,27
entre los 65 y 69 años	Ambos sexos	2026	4,27
entre los 65 y 69 años	Ambos sexos	2025	4,30
entre los 65 y 69 años	Ambos sexos	2024	4,29
entre los 65 y 69 años	Ambos sexos	2023	4,30
entre los 65 y 69 años	Ambos sexos	2022	4,34
entre los 65 y 69 años	Ambos sexos	2021	4,34
entre los 65 y 69 años	Ambos sexos	2020	4,34
entre los 65 y 69 años	Ambos sexos	2019	4,40
entre los 65 y 69 años	Ambos sexos	2018	4,44
entre los 65 y 69 años	Ambos sexos	2017	4,45
entre los 65 y 69 años	Ambos sexos	2016	4,50
entre los 65 y 69 años	Ambos sexos	2015	4,82
entre los 65 y 69 años	Ambos sexos	2014	4,69
entre los 65 y 69 años	Ambos sexos	2013	5,36
entre los 65 y 69 años	Ambos sexos	2012	5,30
entre los 65 y 69 años	Ambos sexos	2011	5,24
entre los 65 y 69 años	Ambos sexos	2010	5,67
entre los 65 y 69 años	Ambos sexos	2009	5,94
entre los 65 y 69 años	Ambos sexos	2008	5,91
entre los 65 y 69 años	Ambos sexos	2007	5,32
entre los 65 y 69 años	Ambos sexos	2006	5,05
entre los 65 y 69 años	Ambos sexos	2005	4,35
entre los 65 y 69 años	Ambos sexos	2004	4,12
entre los 65 y 69 años	Ambos sexos	2003	3,86
entre los 65 y 69 años	Ambos sexos	2002	3,97
entre los 65 y 69 años	Ambos sexos	2001	3,98
entre los 65 y 69 años	Ambos sexos	2000	3,84
entre los 65 y 69 años	Ambos sexos	1999	3,67
entre los 65 y 69 años	Ambos sexos	1998	3,51
entre los 65 y 69 años	Ambos sexos	1997	3,63
entre los 65 y 69 años	Ambos sexos	1996	4,15
entre los 65 y 69 años	Ambos sexos	1995	4,26
entre los 65 y 69 años	Ambos sexos	1994	4,81
entre los 65 y 69 años	Ambos sexos	1993	5,11
entre los 65 y 69 años	Ambos sexos	1992	5,21
entre los 65 y 69 años	Ambos sexos	1991	5,59
entre los 65 y 69 años	Ambos sexos	1990	5,94
entre los 65 y 69 años	Ambos sexos	1989	6,33
entre los 65 y 69 años	Ambos sexos	1988	6,35
entre los 65 y 69 años	Ambos sexos	1987	6,87
entre los 65 y 69 años	Ambos sexos	1986	7,95
entre los 65 y 69 años	Ambos sexos	1985	8,62
entre los 65 y 69 años	Ambos sexos	1984	10,19
entre los 65 y 69 años	Ambos sexos	1983	10,42
entre los 65 y 69 años	Ambos sexos	1982	11,62
entre los 65 y 69 años	Ambos sexos	1981	13,32
entre los 65 y 69 años	Ambos sexos	1980	14,67
entre los 65 y 69 años	Ambos sexos	1979	16,74
entre los 65 y 69 años	Ambos sexos	1978	18,01
entre los 65 y 69 años	Ambos sexos	1977	20,86
entre los 65 y 69 años	Varones	2029	6,19
entre los 65 y 69 años	Varones	2028	6,19
entre los 65 y 69 años	Varones	2027	6,19
entre los 65 y 69 años	Varones	2026	6,19
entre los 65 y 69 años	Varones	2025	6,23
entre los 65 y 69 años	Varones	2024	6,20
entre los 65 y 69 años	Varones	2023	6,20
entre los 65 y 69 años	Varones	2022	6,26
entre los 65 y 69 años	Varones	2021	6,24
entre los 65 y 69 años	Varones	2020	6,21
entre los 65 y 69 años	Varones	2019	6,30
entre los 65 y 69 años	Varones	2018	6,37
entre los 65 y 69 años	Varones	2017	6,33
entre los 65 y 69 años	Varones	2016	6,36
entre los 65 y 69 años	Varones	2015	5,88
entre los 65 y 69 años	Varones	2014	5,61
entre los 65 y 69 años	Varones	2013	6,55
entre los 65 y 69 años	Varones	2012	6,33
entre los 65 y 69 años	Varones	2011	5,99
entre los 65 y 69 años	Varones	2010	7,10
entre los 65 y 69 años	Varones	2009	7,51
entre los 65 y 69 años	Varones	2008	8,51
entre los 65 y 69 años	Varones	2007	7,70
entre los 65 y 69 años	Varones	2006	7,52
entre los 65 y 69 años	Varones	2005	6,03
entre los 65 y 69 años	Varones	2004	5,85
entre los 65 y 69 años	Varones	2003	5,43
entre los 65 y 69 años	Varones	2002	5,68
entre los 65 y 69 años	Varones	2001	5,82
entre los 65 y 69 años	Varones	2000	5,33
entre los 65 y 69 años	Varones	1999	5,19
entre los 65 y 69 años	Varones	1998	4,88
entre los 65 y 69 años	Varones	1997	4,83
entre los 65 y 69 años	Varones	1996	5,52
entre los 65 y 69 años	Varones	1995	5,65
entre los 65 y 69 años	Varones	1994	6,14
entre los 65 y 69 años	Varones	1993	6,52
entre los 65 y 69 años	Varones	1992	7,32
entre los 65 y 69 años	Varones	1991	7,73
entre los 65 y 69 años	Varones	1990	8,29
entre los 65 y 69 años	Varones	1989	8,49
entre los 65 y 69 años	Varones	1988	8,17
entre los 65 y 69 años	Varones	1987	9,64
entre los 65 y 69 años	Varones	1986	11,80
entre los 65 y 69 años	Varones	1985	13,37
entre los 65 y 69 años	Varones	1984	14,91
entre los 65 y 69 años	Varones	1983	15,87
entre los 65 y 69 años	Varones	1982	18,64
entre los 65 y 69 años	Varones	1981	21,41
entre los 65 y 69 años	Varones	1980	22,43
entre los 65 y 69 años	Varones	1979	25,76
entre los 65 y 69 años	Varones	1978	28,79
entre los 65 y 69 años	Varones	1977	32,74
entre los 65 y 69 años	Mujeres	2029	2,52
entre los 65 y 69 años	Mujeres	2028	2,52
entre los 65 y 69 años	Mujeres	2027	2,52
entre los 65 y 69 años	Mujeres	2026	2,52
entre los 65 y 69 años	Mujeres	2025	2,53
entre los 65 y 69 años	Mujeres	2024	2,55
entre los 65 y 69 años	Mujeres	2023	2,56
entre los 65 y 69 años	Mujeres	2022	2,58
entre los 65 y 69 años	Mujeres	2021	2,60
entre los 65 y 69 años	Mujeres	2020	2,62
entre los 65 y 69 años	Mujeres	2019	2,66
entre los 65 y 69 años	Mujeres	2018	2,68
entre los 65 y 69 años	Mujeres	2017	2,75
entre los 65 y 69 años	Mujeres	2016	2,81
entre los 65 y 69 años	Mujeres	2015	3,87
entre los 65 y 69 años	Mujeres	2014	3,86
entre los 65 y 69 años	Mujeres	2013	4,30
entre los 65 y 69 años	Mujeres	2012	4,36
entre los 65 y 69 años	Mujeres	2011	4,57
entre los 65 y 69 años	Mujeres	2010	4,39
entre los 65 y 69 años	Mujeres	2009	4,55
entre los 65 y 69 años	Mujeres	2008	3,64
entre los 65 y 69 años	Mujeres	2007	3,19
entre los 65 y 69 años	Mujeres	2006	2,95
entre los 65 y 69 años	Mujeres	2005	2,91
entre los 65 y 69 años	Mujeres	2004	2,63
entre los 65 y 69 años	Mujeres	2003	2,50
entre los 65 y 69 años	Mujeres	2002	2,48
entre los 65 y 69 años	Mujeres	2001	2,40
entre los 65 y 69 años	Mujeres	2000	2,55
entre los 65 y 69 años	Mujeres	1999	2,37
entre los 65 y 69 años	Mujeres	1998	2,34
entre los 65 y 69 años	Mujeres	1997	2,62
entre los 65 y 69 años	Mujeres	1996	3,00
entre los 65 y 69 años	Mujeres	1995	3,09
entre los 65 y 69 años	Mujeres	1994	3,68
entre los 65 y 69 años	Mujeres	1993	3,92
entre los 65 y 69 años	Mujeres	1992	3,47
entre los 65 y 69 años	Mujeres	1991	3,78
entre los 65 y 69 años	Mujeres	1990	3,96
entre los 65 y 69 años	Mujeres	1989	4,52
entre los 65 y 69 años	Mujeres	1988	4,88
entre los 65 y 69 años	Mujeres	1987	4,60
entre los 65 y 69 años	Mujeres	1986	4,81
entre los 65 y 69 años	Mujeres	1985	4,93
entre los 65 y 69 años	Mujeres	1984	6,52
entre los 65 y 69 años	Mujeres	1983	6,13
entre los 65 y 69 años	Mujeres	1982	6,24
entre los 65 y 69 años	Mujeres	1981	7,09
entre los 65 y 69 años	Mujeres	1980	8,66
entre los 65 y 69 años	Mujeres	1979	9,77
entre los 65 y 69 años	Mujeres	1978	9,72
entre los 65 y 69 años	Mujeres	1977	11,40
De 70 y más años	Ambos sexos	2029	0,67
De 70 y más años	Ambos sexos	2028	0,67
De 70 y más años	Ambos sexos	2027	0,67
De 70 y más años	Ambos sexos	2026	0,67
De 70 y más años	Ambos sexos	2025	0,68
De 70 y más años	Ambos sexos	2024	0,66
De 70 y más años	Ambos sexos	2023	0,66
De 70 y más años	Ambos sexos	2022	0,67
De 70 y más años	Ambos sexos	2021	0,65
De 70 y más años	Ambos sexos	2020	0,67
De 70 y más años	Ambos sexos	2019	0,67
De 70 y más años	Ambos sexos	2018	0,65
De 70 y más años	Ambos sexos	2017	0,64
De 70 y más años	Ambos sexos	2016	0,65
De 70 y más años	Ambos sexos	2015	0,56
De 70 y más años	Ambos sexos	2014	0,54
De 70 y más años	Ambos sexos	2013	0,65
De 70 y más años	Ambos sexos	2012	0,76
De 70 y más años	Ambos sexos	2011	0,76
De 70 y más años	Ambos sexos	2010	0,72
De 70 y más años	Ambos sexos	2009	0,74
De 70 y más años	Ambos sexos	2008	0,81
De 70 y más años	Ambos sexos	2007	0,88
De 70 y más años	Ambos sexos	2006	0,99
De 70 y más años	Ambos sexos	2005	0,84
De 70 y más años	Ambos sexos	2004	0,61
De 70 y más años	Ambos sexos	2003	0,61
De 70 y más años	Ambos sexos	2002	0,54
De 70 y más años	Ambos sexos	2001	0,55
De 70 y más años	Ambos sexos	2000	0,62
De 70 y más años	Ambos sexos	1999	0,62
De 70 y más años	Ambos sexos	1998	0,56
De 70 y más años	Ambos sexos	1997	0,63
De 70 y más años	Ambos sexos	1996	0,94
De 70 y más años	Ambos sexos	1995	0,88
De 70 y más años	Ambos sexos	1994	0,82
De 70 y más años	Ambos sexos	1993	0,84
De 70 y más años	Ambos sexos	1992	0,88
De 70 y más años	Ambos sexos	1991	0,95
De 70 y más años	Ambos sexos	1990	1,03
De 70 y más años	Ambos sexos	1989	1,17
De 70 y más años	Ambos sexos	1988	1,28
De 70 y más años	Ambos sexos	1987	1,44
De 70 y más años	Ambos sexos	1986	1,68
De 70 y más años	Ambos sexos	1985	2,05
De 70 y más años	Ambos sexos	1984	2,61
De 70 y más años	Ambos sexos	1983	2,68
De 70 y más años	Ambos sexos	1982	2,91
De 70 y más años	Ambos sexos	1981	3,71
De 70 y más años	Ambos sexos	1980	4,44
De 70 y más años	Ambos sexos	1979	5,02
De 70 y más años	Ambos sexos	1978	5,71
De 70 y más años	Ambos sexos	1977	6,87
De 70 y más años	Varones	2029	1,04
De 70 y más años	Varones	2028	1,04
De 70 y más años	Varones	2027	1,04
De 70 y más años	Varones	2026	1,04
De 70 y más años	Varones	2025	1,03
De 70 y más años	Varones	2024	1,02
De 70 y más años	Varones	2023	1,03
De 70 y más años	Varones	2022	1,02
De 70 y más años	Varones	2021	1,00
De 70 y más años	Varones	2020	1,01
De 70 y más años	Varones	2019	1,03
De 70 y más años	Varones	2018	1,02
De 70 y más años	Varones	2017	0,99
De 70 y más años	Varones	2016	0,98
De 70 y más años	Varones	2015	0,83
De 70 y más años	Varones	2014	0,79
De 70 y más años	Varones	2013	0,87
De 70 y más años	Varones	2012	1,02
De 70 y más años	Varones	2011	1,13
De 70 y más años	Varones	2010	1,07
De 70 y más años	Varones	2009	1,08
De 70 y más años	Varones	2008	1,31
De 70 y más años	Varones	2007	1,53
De 70 y más años	Varones	2006	1,64
De 70 y más años	Varones	2005	1,38
De 70 y más años	Varones	2004	0,97
De 70 y más años	Varones	2003	1,00
De 70 y más años	Varones	2002	0,97
De 70 y más años	Varones	2001	0,91
De 70 y más años	Varones	2000	1,06
De 70 y más años	Varones	1999	1,03
De 70 y más años	Varones	1998	1,02
De 70 y más años	Varones	1997	1,14
De 70 y más años	Varones	1996	1,46
De 70 y más años	Varones	1995	1,29
De 70 y más años	Varones	1994	1,28
De 70 y más años	Varones	1993	1,25
De 70 y más años	Varones	1992	1,26
De 70 y más años	Varones	1991	1,41
De 70 y más años	Varones	1990	1,53
De 70 y más años	Varones	1989	1,65
De 70 y más años	Varones	1988	1,92
De 70 y más años	Varones	1987	2,22
De 70 y más años	Varones	1986	2,54
De 70 y más años	Varones	1985	3,11
De 70 y más años	Varones	1984	3,96
De 70 y más años	Varones	1983	4,22
De 70 y más años	Varones	1982	4,82
De 70 y más años	Varones	1981	6,41
De 70 y más años	Varones	1980	7,74
De 70 y más años	Varones	1979	8,25
De 70 y más años	Varones	1978	9,98
De 70 y más años	Varones	1977	11,59
De 70 y más años	Mujeres	2029	0,39
De 70 y más años	Mujeres	2028	0,39
De 70 y más años	Mujeres	2027	0,39
De 70 y más años	Mujeres	2026	0,39
De 70 y más años	Mujeres	2025	0,41
De 70 y más años	Mujeres	2024	0,39
De 70 y más años	Mujeres	2023	0,39
De 70 y más años	Mujeres	2022	0,41
De 70 y más años	Mujeres	2021	0,39
De 70 y más años	Mujeres	2020	0,42
De 70 y más años	Mujeres	2019	0,40
De 70 y más años	Mujeres	2018	0,38
De 70 y más años	Mujeres	2017	0,39
De 70 y más años	Mujeres	2016	0,41
De 70 y más años	Mujeres	2015	0,35
De 70 y más años	Mujeres	2014	0,36
De 70 y más años	Mujeres	2013	0,50
De 70 y más años	Mujeres	2012	0,57
De 70 y más años	Mujeres	2011	0,50
De 70 y más años	Mujeres	2010	0,48
De 70 y más años	Mujeres	2009	0,50
De 70 y más años	Mujeres	2008	0,46
De 70 y más años	Mujeres	2007	0,43
De 70 y más años	Mujeres	2006	0,53
De 70 y más años	Mujeres	2005	0,45
De 70 y más años	Mujeres	2004	0,36
De 70 y más años	Mujeres	2003	0,34
De 70 y más años	Mujeres	2002	0,24
De 70 y más años	Mujeres	2001	0,31
De 70 y más años	Mujeres	2000	0,33
De 70 y más años	Mujeres	1999	0,33
De 70 y más años	Mujeres	1998	0,25
De 70 y más años	Mujeres	1997	0,29
De 70 y más años	Mujeres	1996	0,59
De 70 y más años	Mujeres	1995	0,62
De 70 y más años	Mujeres	1994	0,52
De 70 y más años	Mujeres	1993	0,57
De 70 y más años	Mujeres	1992	0,63
De 70 y más años	Mujeres	1991	0,65
De 70 y más años	Mujeres	1990	0,72
De 70 y más años	Mujeres	1989	0,86
De 70 y más años	Mujeres	1988	0,86
De 70 y más años	Mujeres	1987	0,94
De 70 y más años	Mujeres	1986	1,13
De 70 y más años	Mujeres	1985	1,37
De 70 y más años	Mujeres	1984	1,73
De 70 y más años	Mujeres	1983	1,69
De 70 y más años	Mujeres	1982	1,66
De 70 y más años	Mujeres	1981	1,95
De 70 y más años	Mujeres	1980	2,30
De 70 y más años	Mujeres	1979	2,93
De 70 y más años	Mujeres	1978	2,95
De 70 y más años	Mujeres	1977	3,86
